Row,SA_SR,RR_SR,RVNS_SR,SD_SR
..89....751.6.2.3.6.45.3..83...5.......4..1.2825..79..7...4.6...5.8...24.69..13..,1,1,1,1
.5.3.....3.7..156..69..72.8..642..7.8.....42....7.5..97..8.4.1.59..6.3....49..8.2,1,1,1,1
..2..34.931...7..675.642..8..8....434...5..2.6.17..9...7.1895......2..1..8...63..,1,1,1,1
8.4.2.51...61.32.992..75.....3....84.6.7.1..57..83.1....95..67.2....9..1.4.....38,1,1,1,1
...56..8.7..9..4..56827.1...92....138.54.172...6..5....4..3765...1...8.2...1...9.,1,1,1,1
8.271.6.9..9.4...3...6...872..8935....5...39...6.2..18.7345...6..19..4..5....2...,1,1,1,1
7..2.9681.4.65.3..9.......7.8...415.........8163..82....8.6.7.3.9.4.2....527...6.,1,1,1,1
.3.854...9..7..2...4.2..7.83......8..2..1.5.38.9..362..16.9..5.5.7.4..9......64.7,1,1,1,1
2.31.4.....89..1..1.48..7.6.....3.1....428..5..67..9327.1....5993...74..4.2....8.,1,1,1,1
7..14.65...97.2..386...9..2.85..3.24..4...9..1.3..6.8.54.6......2.5873......9.7..,1,1,1,1
1....4.....3.218...4.3...96...8..6...97.1.5..83..97.2.2.9..5....84.3.2.7.756....4,1,1,1,1
3.6..948.4.76.......987.5..6..5.2.1...4.9.7...1.38....8.1..3..6.9....1355..72...4,1,1,1,1
.245..1....37...5.65..2...859..3.86....19..3...1...27.4378.5..6.1.96......82....4,1,1,1,1
74.3..1.6.18..92....54....7...96..1.....5.73.2..7.89.45.71.....42..3....6.9..28..,1,1,1,1
.31..6...2.9.5..4.47....3.6..4.9.8...8.163.9.......735157..2..4....872.9..2.41...,1,1,1,1
.92...73...18.....7...6..185..3..87..4.91.6.39....62..1...85.626.3.72.94.........,1,1,1,1
..84.5..6296.....43....1.9..5.91...28...3..7..1..6795...43.81..6.....2.5...27.8..,1,1,1,1
5..9.7....41...95..67..18..42..8..363...56.91....72..5..2.14.7...9.3..4.65......2,1,1,1,1
..3..961.9..4....3.5..7394..6.1.85.27...9.8..24..6......4...3.7...58.2.18.12....6,1,1,1,1
.19...2.323...146...8..7......2.697.92.84...1.64.3...5...1.8.5.3.6.7..9.8..56...2,1,1,1,1
.1..4..29..26.57.....3.9....941.28...7.9...13....8.6.42598...361.84.3...7.....1.5,1,1,1,1
569.1..78..4.7.2...3.9...6.6..5..19.12...3.46..34..8.2...2.83..47...9.....1.56...,1,1,1,1
.675.1.3.........9...6.84.5.5.716.8..41...2......293...95....48.12.4.5...8.9....6,1,1,1,1
....84.539....2.1....9..726..7..83..3594...8...4..76.1.8..135.......6..476.5....2,1,1,1,0
792..16......7..34..4.86....5.7.94.2.1..3.8....9.6...5.......816.14..57.583.2.9..,1,1,1,1
....43..7......285786.1.....5..68.9..71...84.6..9....331..8.6....962..5.2..4.197.,1,1,1,1
6.9.....13...7.2....8.39..5...41..5..6.5.28..9.4..3.6.7....8...28..573.4...2.19.7,1,1,1,1
5......2..4...96..3...58...2.67..1.989..1.5.3.37.....6.7.86.45..8...4.9....9.2..7,1,1,1,1
....41.76..5..8...2..76.8.9.821.4....7...29.54..97.1..5..3...8.3.1..5..469......3,1,1,1,0
..6..235...2..8.79.9.14..8...5.83.67.4.......7.861.2..5.......69.17..52...32.61.4,1,1,1,1
9.2..58.3...9......534...6..6.2..9.152...84..1.7....8...614.5..4....3.1787.6...3.,1,1,1,1
1......75...619.43.8.4...2...5....8.89....362..47.25.175..936...2...4..8..3..1..9,1,1,1,1
8.692...1.5.....7...7..4..26....3.5.53...624....18..9.19..7.3.4....1.72.3.2.58..6,1,1,1,1
369..1.8......2....2.4.61.3.983...712..7..5...45..86.947..9..1.8.3.2...4..6.5.3..,1,1,1,1
.4.26.3.7..65.892.8...34....9..5.61.7.1..3..9453...8..372...4....5....6..8..19...,1,1,1,1
.6..5.....9..815.73.1..2.64..482....2...1.7.9.1893...67.......3.43...9..685....2.,1,1,1,1
...3...7.56.14..3..4...96...3...1..8198.3..67...29..5.31.6.248.8......2...7..5.91,1,1,1,1
.....9..6..5.17..83...8.27.6.3.9.....8...2.4..2..359.181.4..6.7.9..283..4.7.618.5,1,1,1,1
..6..3......9.81..48.521....9.....13..53...6.7...842..1.4.9...5.29..687...345.6..,1,1,1,1
....46..5.15....26..2..83..86..1.297.....7431...3...6.9.4.......2.78..1..315.9.8.,1,1,1,1
...67....56..3...774.5.21..1.2...9.39..1...45.34.8..........89..754...36.912.8.7.,1,1,1,1
..3..6...45....8.....1..46.....4.92.89...7.....7......5..6...9.96.7.4.8.....915..,0,0,0,0
12..8..59..6.7.........3..48..2.75....5..4.....4....23......8716.8......5...3..9.,0,0,0,0
..35...6...62....8...1......9..7...5........1.4..3..7..1.....425..84....9.....8.7,0,0,0,0
1...5..8.........1...23.5.4.3.6.....9.2....1.5...42..7.......3.298...4....48...7.,0,0,0,0
.2....4.9..69...27.8....61....6.......1..257....4....8.345.7....18.6....67..8.2..,0,0,0,0
..3.6..9.4...89..2....1.....32.7.169...8.3..7.4......8.68....7.2..14...6.........,0,0,0,0
.....67........12..8..3....8.5.7....2.....6..3....2.54.1.3.....9.784..1..4.....3.,0,0,0,0
..3...7....6.8..92.8......3..4.6....5.21..36.8..4.....2.....97....2.75....8.5..2.,0,0,0,0
12.........68.......942.......7...91..7..1.468.4....3...8.34.6.9.1..........6...2,0,0,0,0
...56...44...9..1...9.....5...2...5783.7..2...1.....4.....3...6.68........2..1..9,0,0,0,0
1....5.9..56.7.8...8...3..48.....3.....487.....5...........29...1.5......971.4..6,0,0,0,0
........84..289.....9...4...6.4...13.1....7..5.86.7....4.7..63......6.5....1...47,0,0,0,0
12.96....4.......9...23.41.5...2..........7.4.9.5.7.....57.61.3....526.....1..8..,0,0,0,0
.2...4.894.......2.89.23..1.....5.7.2.71.....51.....2.86...........1...3...9.86..,0,0,0,0
.2...4....5.....39..9...1..2..49.7.........8..783....29....3..7.17.8.9.4...5....3,0,0,0,0
.....6....5....7......421.6.9....2..3....8.9...2..1...9....7.68........1.1.59....,0,0,0,0
12........5.9.3.....9....64....97....713...5.6..41..3......6...3..18..47.18.....3,0,0,0,0
.2394..7.....7.2....96....45.......7.7.1693.....5.....96...4...3.....8...4.7189..,0,0,0,0
1.3.5..8.......2...8..3...586...7...2....98....428..673....4.....297.....4.6..9.1,0,0,0,0
......5.8...8.1..3..9....6..176..2..5...1.6..86.....4.24.....3.....9......8..7.52,0,0,0,0
....8.7..4..9...1......1.6.267.9...4..4....8.....7.2..3.586..........8..91.732...,0,0,0,0
12...9...4.68...9.7.......5..16...292..1.48...3.............5.3.....5.....73..648,0,0,0,0
.2..7.9...56..8.3...........91.................51.24..6....97...378...6....6..294,0,0,0,0
1.34...........29.7.9........53..1......4.8..831.9..27.12......5...28......16.5..,0,0,0,0
...69..........91..8......2..1.7....8..9..27...24316..3......8..9..8....24...73.6,0,0,0,0
..3.4..89...8.....7....25.....1.......25..94....62..7..38.76.2..1....3..6....1...,0,0,0,0
....6.57..56.7......9..2........1..28....37..3...5..1...84......1...726.2..6...3.,0,0,0,0
....5.4.9.....12.....2.......7.2...656.1.....81...5.....8..9.6..3..74.92..1.3..4.,0,0,0,0
.2...4.9.45.91...87...2.4...........5.168.....9.37..219..4.81.5.......8.........2,0,0,0,0
......8..4.6..7.......13....3..4..6.......73497....28...5..4.2..9.53....8..96..7.,0,0,0,0
12..9..47.....2....8.1.3........7.94.9..5....2.8...1...6.5.9..........5..7..68.3.,0,0,0,0
..396...8......3..7.9..5....97..12......7....2.....45.........5..4.5...661...782.,0,0,0,0
.2...7.954....3..1.8.5.2.....72......9....6...15....8......6..3.3.8...4.....5.7..,0,0,0,0
......6.......1...7.9.....5..74.3..9..1.5...2..2.8.....1.534.9.2......4.3....6.8.,0,0,0,0
.2....4.8....81......24..........6..56...87..931.6..423..6.92.7.......9.8.....31.,0,0,0,0
1..8..5.7....97......2...16..4..8.6.5.7.42..3.6.73.....45........8....31...3...5.,0,0,0,0
..3..47....6....38..9..3.2..672...8.8...3.572.....8...57....6.1...1.....9...6.2.7,0,0,0,0
.....56.845..............142.1.98.3...73.6.......71.963......87..2...1..9.8...3..,0,0,0,0
12......8..6.7......9..215.....19.36.6.......3..42....6..7..4...45........729...3,0,0,0,0
....76.5....2.9....8...14.....9.4..28..3...........64..3...52..9.7...8....5....61,0,0,0,0
.2..759........1....913...6..45.7.8..7....42...83....13..4..7...........815......,0,0,0,0
1.39....8..6......7..4...16...3.91......1.6.....5.8.43..56..7....7....3.8.....9.4,0,0,0,0
.23....78.....1.2.......4.5....3.....9..178....852...9...4...9...5.......42..37..,0,0,0,0
....9.8....6.7.....89.1...4.4.......39..8...6...7.3..1..8..57..2.5.....86..1.....,0,0,0,0
.234.6.5.4.6.....1..9.5..6.........4.4.79...........7....8.95......1...7.72....83,0,0,0,0
...6...8.4...7...97..1.2.....7.....86...8...3.......7437..916....8.6.....6.53..4.,0,0,0,0
12..5...9..6...1..78...3...9..64..1..6..15......3...2487..9.2.....8.....6.5....4.,0,0,0,0
....4..7.4.6..7.92.89.2.5...6....2.19.21...4......283..1..3.........9.....87.....,0,0,0,0
....7695....829...........4...2......9..4...18...93.6...81..73.6.5....12..1..2.4.,0,0,0,0
1.....95.4..9.8....8......2.....4...34.7.2..6.9.1.......5..1.64........36...37.2.,0,0,0,0
..3..59..4..9....7.8.1..6.........6.....3.29.971...5..3..42.17.....1.......39...2,0,0,0,0
..3..97....6..89...8....3.4.3.........13.2.98897.1.........7..16....5.....2.6..4.,0,0,0,0
1......6..5.782....8...14.2...2..71...........7...9.4.9..1..3..3....5.7..42.3.9..,0,0,0,0
..3.5..8..5...9..37....3.4.8417......3...4.6.5..........8.....7...6.74.....5..621,0,0,0,0
1..5...6.4..8.9........14.2.6..4579.5...3...4......6........8.9.4.71.3..8.7..6...,0,0,0,0
.2..6....4...8.1.27..1...5..3..169...7...4..........18.....3.2..47.5...9..54..3..,0,0,0,0
...6.5.........19.78..3...............59...7..34.5...13.7.....26...2...5.9...1784,0,0,0,0
..3...9.......7.1.78...........95..1..52..6.9...8..7..5.2.8..6..6....4.3..164....,0,0,0,0
1..4..7.9.5.......7...32.6..3.5..8.1...2.8........1..6..87..3.45..........2.9.1..,0,0,0,0
.234.7..6....3..2.....614.......8..4.9.1........3..5.2..46.5....72....819........,0,0,0,0
..3..5......2.....7894...2..1..6.2.8........1862.3.5.4...3.4....759...1..4..2....,0,0,0,0
........7..6...9.3.8..3.42.8...43.....4.5....9..12..8..4....5.1..7......5.24.7..9,0,0,0,0
..3..8..4.5673........1.........3....4..5.619..2.....79...8.2..2.5....9.618...5..,0,0,0,0
..34..7.9.5.....3.....5.64...42.8....9.3..5...7.......6.....1...1.....7..376...98,0,0,0,0
...5...94..6...271...1.......5...7..81.2793..2......1.5.8..1..93.........7...84..,0,0,0,0
1.35.......6..3....89..4..5..17.9....4.182...8.......2.1....6.856.3...1.......2..,0,0,0,0
.....459....71......9.2..16..4....29892........1..5...63....9.....4..8.5....8....,0,0,0,0
12..9..6745.........9..6.4...7.534.9...6....1.3.......87.4..1....5.3.......8..7..,0,0,0,0
......89445.........91.23.....7..1.6.31.26.....8.......1...5.......1965.86.2.....,0,0,0,0
..34.97....6.......8....4.5.....21...9...5..22...61.5.9.4....1..1.6.4.7..32.....8,0,0,0,0
......5.84..1..3....9.5...48...3.......5.16..63..2...79..2...1.....9.8.2.4...8...,0,0,0,0
...5.897.4...3....7....4.65..........6.24...33.....812....9...7..8...5...1..854..,0,0,0,0
...4..7.9.5..97.......3.42..6.7..5..2....39.8.3..2....8.....2..34..658..6.1......,0,0,0,0
....7.9........13.7....342.9.87...4.....54.8.51....3....5.4..6...269.8..6...2....,0,0,0,0
12.8.....4.67....27....34..........3..7.5.14.....67.5....5.18..8..9....1.1.....29,0,0,0,0
...68..49.5.92......9...2..6.7.4...8...7.1..6........38..29......2..4.1...5......,0,0,0,0
12.4...5...672..3............4............82381...56..2..5..9.....8...4.9.531...6,0,0,0,0
.2.....9.....7......9..6..5.....3..8.1......98.765...4...1...5..915....267.4...3.,0,0,0,0
1.......9.....213....5....4.9..2...7.4........3.84...6..5...8...6..79..39..3...7.,0,0,0,0
..3.7...8...2.931..8...1..62.....1....1.3....634..8..29.2....4......48.1...9.....,0,0,0,0
..3.759..4...29....8....6...6.14...59.....38.......1.4.7.........5..4.3.....9..67,0,0,0,0
.23.5....4...7.1...8.6..3...7.....612..........5.14..73......426...428.......7...,0,0,0,0
.....6789..68.91.2...13..5.......895.4.......897.....39.2..3....1.......6....8...,0,0,0,0
.23.4..8....8...9.7..12.......7...6.........156.....2...4..6..7..598.6.....4...3.,0,0,0,0
......4..4..91..737..2.......7...8..83.67.1...94....6...1..2.46..2..5..8.6..9...2,0,0,0,0
1...9.....568.2......5......4.3..29....24...3..7.....63....8..287...34.5...6....8,0,0,0,0
..3..9..44.....1...8.24...58...5..2...7....695...93..7.7.38...1......94.6.5......,0,0,0,0
....8...9456...........12......6.42.8..3.......7.9.5.1.9...8..7..82...4.64..5....,0,0,0,0
1..8..49..5...18..7......15...6........4.53...9..23...8.5...7...31....2...23...4.,0,0,0,0
1..........63...71....2..3...4.3..27..1.5.9..6.528.4...678.......8..2..65..4.....,0,0,0,0
....5.4..........37...231....19..5.6..43....8.7..48.2.....8.......5.7..45..2..73.,0,0,0,0
...9.5..84.681...97..........16...5....7.....89.....6131...2.4.........2.6....7..,0,0,0,0
.2.6.5..8.5.9...7.7......5....2....4...4.3.8...17..6...7...1..9..4...3...1...24..,0,0,0,0
.23..4....5..192..7.....4..2..5...78..76.....8.....3.5.1..7...26...321...4.1.....,0,0,0,0
1.....78....3...9...9...5.3.1..5.....64.7...9..2..61...7...4..63...2..1...57..8..,0,0,0,0
..3.6..........3..7893...6...2..147.5......18..4.5.29....843...63...97.....2.....,0,0,0,0
......9....68.9.7.......245...6......3.2.7....7....58.9..3..8....57....6.1..5...3,0,0,0,0
.2..6..944.6....7.........559....3...74..1...6..7...8...54.87.......2.5.2..37...6,0,0,0,0
1.....89..5..8............427...8..3...74......4..35.8......6....2..594..972...3.,0,0,0,0
.2358.7...5..2.....8.61....8........26....3....1...8.2.4...15..9......7....7.923.,0,0,0,0
1.3.6.....5.1........5...46....89.54..7.........217...3...5..9..72..683.9..3..4..,0,0,0,0
.2....4.....7.132...9....1..3...56...7..6.........8.54......8....26...4...593..71,0,0,0,0
....5..964..3....7.89...5....1.7..5.3.2....8..9..143..974..1....1.....7......21..,0,0,0,0
.2....6......8......9..34512.5....6.9..5.8..3.3..1..9...........1847......41...2.,0,0,0,0
...6...7....3.9.2...952.....6..53....9.4..5...4...6317..5..7..32......9....19....,0,0,0,0
.......784.618......93.2..4.3.47....6...5......7.....53..51..9.......2.69....6.8.,0,0,0,0
.23..67..4..7.............6.3..4.8.5.1...7.2..9.......2.....36..6821..7.....842..,0,0,0,0
1..6.....45....3.....13..5239....8.5.1..2..7...7........8.6...1...2.3..7..54.8...,0,0,0,0
......78..56...9....912....2.1....3......4..8..4.3.6..3.5....6.....9.4.....7.68..,0,0,0,0
12.6......5.8.....7....1.2.8....34........875.......1...57.......4.9..6.3.821....,0,0,0,0
....94..7..62........6.12..3.2......5....948...4..7.9..7..1..46.......3.93..6....,0,0,0,0
1.38..4.......9....8..34..58.5.........16..7.9...8....34......1..7..15..5...4.7.9,0,0,0,0
.....8.7..56.9....7.....4...1.54..282..18..5..3.........1.3.5...9...2.4....7...9.,0,0,0,0
1.34..7..45.........91..........4...3.5.....18..6..9..9.281..6.....7..9..18..5..2,0,0,0,0
...58.7........31...9....5..61.9.4.3...3...96..4.2.....128..........2...54....68.,0,0,0,0
1....6.5.4.6...7..7.9...4.26..5.2.8..9.....3..1.7..5.9..8..1...........4...2..8..,0,0,0,0
...74.6...5.............1.56...8.9..2.853....59...6.1.8...2..........7...42.97..8,0,0,0,0
.2.86...7.........7..3....45.4..291...2..6.....15...8.6...7....93..5.6.2.........,0,0,0,0
.2...97.5.5..8.....8...1.6.5749........4....69...3...2..8....5.........1..73...98,0,0,0,0
12.647...4....9......5.1.3...4..2.5.2...1678...1...4..3.8....2..9........4.28....,0,0,0,0
....9.84.45......97.9...6.......2798.....63..2.47..5..5..4.3........1....71.8....,0,0,0,0
.....47.9.56..2....89........1..5.93..4....8......65...1.9.8..2....3.1.....42....,0,0,0,0
.23......4.67...2..8...4.....76...45.......8..45...7....4.6.5..5...3..9.9.....3.4,0,0,0,0
1..8......56.7.2....9....5..18.5..7.2..98......4..3.6.....2...6.7..9..31.4..3....,0,0,0,0
..357...........31....1...4....582..83.9.....2.76....95...3..9.3912.54...4.7.....,0,0,0,0
.2...6.89..69......8..3....3.42.....2....1....68....14.4.....7....58.1....5.7.86.,0,0,0,0
123.5.........93.....4...515..6..87..6.3.....9....8.....79...6.6.5....4824...1...,0,0,0,0
1....8....56....8.7.....4...4.....613....17....1....28.....265.23.49.......3....9,0,0,0,0
..3...4.....9.1.3.7....4.61.....5.2...74.......432..9..9......3..58.79..6.....8..,0,0,0,0
.....5......2..1.878........6.4..39...7..6........345...236158.....5..63..5..2...,0,0,0,0
....64.7..5......37.95........4.2......3...5.2..85.76...1...2....82....56......34,0,0,0,0
..3.85.....67......8.4..6...31...8..9.......324.15.9....5..........9..6.....621.8,0,0,0,0
..3..........7...278..4......4.5..2....3..6.5.9..1...75..7.6...6.2...8...7...14..,0,0,0,0
.2.........6.723.1...13..5...2...7.4567...92..9......3....896...7..2....9......82,0,0,0,0
1..4....64.6..9........235......6.28.6..1.5....75.4.....4...28.83.......6....51..,0,0,0,0
1....5..9....2..8..8.43..2.....14..22.....6.7.....943.8.5...3..6..573.9..........,0,0,0,0
...8.....4..7...23...352.1.....7.3.19.....6...61............2...9563.7.8.7..2..6.,0,0,0,0
...685...4.62........34.......9.7..3..5...17.83......56..7...32.1..3......25...8.,0,0,0,0
1..64.....5.9..1.2...5.2..369...4..1.3....7.........692..4...9...1.5....36....5..,0,0,0,0
1....8..6.5..3..8..8....5..3927....5...8..1....4.9..2.2....1..9......43.9..2..7..,0,0,0,0
.2.....5...69....37..5...6.........48..3.95..2..1.53.75..7....6.4...8.3......18..,0,0,0,0
.2....4.....78..2.7.9...15...4...91.2.1.9..35....2.....18..3....4.........7..9.41,0,0,0,0
12......94...8.1............6.....785.874.3......6.9.2..7.9.........8..78.25.1..6,0,0,0,0
..356.9..4.......2.8..........8..........2..73....912.64.157..8....8.7.1...9.4...,0,0,0,0
1...689.44..39.8.2..................64...2739.9.736.853...7....87..2...6..5......,0,0,0,0
.23....8.4...7.....8.....56.35........43.5..22...8........318..9....76.5.6..4.2..,0,0,0,0
.2......9..6.81..2789...4...7..5.9.1..8...2.....42375.9..3..6..........5.4.6.....,0,0,0,0
.2.9.......6.....2....36.14.7.5..4.....8..7.9..8.7..5..421..83..65...12.8........,0,0,0,0
1.36......5..93.2.......64..4192.........6.........9.86....2.3.8.2.6.5....5..9...,0,0,0,0
..35..8..4..8......8..1.24.5...6.......1.27.62.7...1.4.....1..8..527......4.5.6..,0,0,0,0
......4....6.1..2..89..4..6...7....28......1.2...3...9.6....3.8.4.5...6....1.8..5,0,0,0,0
.2...6.7........3..8..346..6...817..83.....5....3......61........21..386...4.2..1,0,0,0,0
......9.4.567..21...92.1.6.8............1.48..6.....27392.85.....739........2....,0,0,0,0
...86.5.7.5.....2.7........63..9...5.1..3..4......1.7354..7.2....2......36.2.9.8.,0,0,0,0
..3......4..81...27......56.....3..7....912.....7..59..65.4.....746.....9..3.58..,0,0,0,0
.2.4.67..4.6..9..378..3.2..6.87.2.3..1.3..................9.462......3.5.65....7.,0,0,0,0
...59...74.6....91....3....9..6.8....3..5.27.2...4.....7....6.8......9......8..45,0,0,0,0
...4...8...6..7....8.2....5..5...67.9..6..3......3.2....45.3..9.9....1..3....2.6.,0,0,0,0
12..5.7......9731...........9.36.57..6.7........5....4.45...26..7..1..4...2...8..,0,0,0,0
1...6....45...9..1..9.4.5.6.....6..887..2.....62..5.....76.2........7.9.24..5.1..,0,0,0,0
....5..9.4.6....387...2...68..1..7.9..13.4......587......6..81..18.....45........,0,0,0,0
.2.5.4....5...9371.8.3...4...76.2....92.....7.41.....63......8..7..85.......3.2..,0,0,0,0
...5.8.7.45.....8.78..4.36..9...3.47..4.9.6.33.....2.8....3....9..1.7.....24.....,0,0,0,0
.2.4...7.45..9..........5...6.9.24..9.1....28......6..6..1.7....15....49372......,0,0,0,0
1...5.78...6..92...89..3......64..1.6..9.1....4...7.............18...3.29.23..65.,0,0,0,0
1.38..6....6197.3..8.......5...7321......19..6...2.4......1..2.........9.17569...,0,0,0,0
..3....9.45........8.235.....5.....1.41..8362.3..2....6.........7.6...48...45.7..,0,0,0,0
....4.7.5..6.37..2...15...396..21.3..3.....7.2....84...9.........8...91..42.....7,0,0,0,0
.....4769..6.2.1....9.....22....3.1.53..48...........391......7..78....5.45..96..,0,0,0,0
.2.9...7.45....9......32....3...............7..8..425.3.25..1....71...8..1..6..92,0,0,0,0
...6...48...2...3...9.....25...9..7.87..13..6......8.163...7.......2.3...4..61...,0,0,0,0
12.95.........7.3.7.9.....1.6...3..5...5..7.4...2...1.9...82...5.2.....6..8.....9,0,0,0,0
12....8.7.5.......7.9...6..59.3......4...7..1............26...9.6495..12....4.3.6,0,0,0,0
..3..67.......2.837..3.562.2.......7....5.21...1...495.6.......51.2.....97.8.1.3.,0,0,0,0
.2..84....5...781...9..1..5...7..4.1.....83...3.....7.69.4..5....2..3.....4.....8,0,0,0,0
.....67..4.67.9.8..895.346..3.....9.94.3.58....5..1......1.....51.....4...4.6.2..,0,0,0,0
1.3..9....5........892..4...47..59.8.3.4.6.....597.......1...4.5.......1..2.6.8.9,0,0,0,0
...4..........8..27.9.615..6.........12..4..9.....72.1..1..5.9..4..3......8..26.5,0,0,0,0
....8....4.67...1..893.1..4.....91.8.......5.51.....72.6.4.....9.2..6.......276..,0,0,0,0
..347.9....682...........2.2.....14539......6.4.1.....9.....5....2..8.6.6.....4.7,0,0,0,0
.23..64.8....87.9......4.61..8........7.4..3.......6.2.7261..5.3.5.9....6........,0,0,0,0
.2........56..98.....3...54..8.........4.2...2.758....3....12......6...9.7.2.84.1,0,0,0,0
1.3.7...8.56..9...7....65..2..6......4.95......1.2.39......51.7.7......6.....32..,0,0,0,0
12.75.....56.1.2.3.........6..17.8...3...91.5.1.8.5...5..2....19..5..6...7......4,0,0,0,0
1...58.....6.3.8....9......8.12...9.2......6.6......4...7.1...3.1.6927......47..9,0,0,0,0
1..94.6...5..1.........31....4..6.9.5.82.1.67....8...2..78...4.6......89.9..6....,0,0,0,0
1.......7....1.3...8.2.3...5.....28..3.4....1....8..343.7..89..6.....4.2.1.749...,0,0,0,0
.....6..745...9....8.43........8..618.....5...71..5..8.6..1..8......79..2...6.1.3,0,0,0,0
....69.8.45...3..27..4....6..1...54.6.........9..1.........2...5.47...3...23....7,0,0,0,0
..3..5.......8..1......46..27.41.9.5..1.2....3....6..86...5..8.91.........23.7...,0,0,0,0
.....9...4.6.8...278..1..6.....2...6.....84.15..7.....8....4.5.3..2..9..64.......,0,0,0,0
....96.....62.83....9.....4.41.87....9.6...7.8...5.9.2..87....55..86.....3..4...1,0,0,0,0
.23..5.7.....8192..8......16....3.....4...2....58...6.....78...9...5.4.6..2.6...7,0,0,0,0
.2..6..8....7.3..9789.....524....9..........6..5...17.9.8.453.7...........4.3..2.,0,0,0,0
.2.6....9....2....78...46.2.....3.....2.5.83......79.4.7.5....8....7.....6541..7.,0,0,0,0
..3..........1..2978.6..1..8...5.........7.935...9..8.....81....6.3..84..1.....32,0,0,0,0
1...6.....5...7.8.78...2.165.4.2...9..2...7........8..6...3.9.......13.....7.6.4.,0,0,0,0
1..85...7.561....8....23..687.64...1..4..7..............7.3.5.291..856...........,0,0,0,0
.....4....56.....2789.........3...585..48...3.6.....1.6...41........81..8.2.759..,0,0,0,0
...7..5.9...891...7...2.....6.3.24..2.........18....3..4...69....1.8...5..24....7,0,0,0,0
....8...9.5.2..31...9......56...34..8.4.....3.32...6.....5.8...6..9....2...1675..,0,0,0,0
..35..89......87.2.....13.526.1.49.....6...2...1.8....61....4....7..5..38..9.....,0,0,0,0
1....4.....6.7.3827.......6.....587.59.4...2......14.....3......4..1.253.....6...,0,0,0,0
..3...5.94....9.7..8......4.........69...71....189....3..4.2...26...1.47....7..35,0,0,0,0
1..6.5.4..5.....83.8........6........189.....5..23.46.8...9......24.7..1....1.2.7,0,0,0,0
.2.6...48...2................5....74..4.9.6...6...3895.7..3..693.2.6......1.583..,0,0,0,0
.23..7.9.4..3..21..8...6..3.....9...69.8..4.52.7...6.......1...8..6.4..2....3....,0,0,0,0
...94........1792.7.....5.4....6.1...4.....6...5..1..7.1.5.......26..3....4.8.2.6,0,0,0,0
.236...7...69.3.8.....5......1..6...5....7.1..7.2..6..6.....13..375.......2....9.,0,0,0,0
...4......567...1..89....542...4..93..76.14..8......71.1...5....38......6.......8,0,0,0,0
.2....7...5.97.....89.1.42....723..139..5.2.....6......7...8...8.....1...14....98,0,0,0,0
...5..89.........17..21...3..7..5..2.3.......8.463..1...84...6..4..7......19..4.5,0,0,0,0
...4....9..6..83...8....4..56.3......4.2.9..7..15..8..9...2..7.8......9......725.,0,0,0,0
1...4..89..6..8......3.2.4.8...31.2....5......42......6......94.9.6..3..3.8.....7,0,0,0,0
1..9.45.........2.7....5..65.....73.6.8.9.....4.....6...58..2.....7....19..23...5,0,0,0,0
...9...7..5....2.......4....9...53..........1..2.817.6.....86.427..6.5.3.......2.,0,0,0,0
....9.8.......7..3....31.2693.1....85...4..3...2..5.1..4....7..37.9..2....57...4.,0,0,0,0
...4.6.5.....8..3..89...4.........41..46..5....175.8.2..5.21...3.....2..2.894....,0,0,0,0
1.36.5.4.....28.....913.2.......258....8....3.6..5.....4....75......649..9..4..12,0,0,0,0
..34.97....6....9.....123...1827...3.3...5..........27..5...6.4....4.....4..839.2,0,0,0,0
.2.....8.....1.....894.........719..8..6...5.6743....8...5..2313....9.......4...5,0,0,0,0
..3..8..64..97..8.......54....73945.9.......85.2.........2...3..7534..6.....96...,0,0,0,0
.23....9545....1....9..163......9.....7.8.24.5..4...86.14...9..2...9..........3.7,0,0,0,0
..345...6.5..........612.....4..7.....75..19..1.8....3......62..7....4.89..3...1.,0,0,0,0
.2.8.6..74.69....8.....3.5...73...8.3.5..7...84.......9.....5...3..6......47.5.29,0,0,0,0
12......7.....9.....93..5.1..2.5.1.3...6...2..1......6...5.8.6......4.726....34..,0,0,0,0
.......86.....7...7891.........6194....2.....2..97...86.4.1......5.3..213....85..,0,0,0,0
1..4.....4.6.3.1...8...2...8.4.........9.5....9.1..26..32.4..7.9...6..58.1..9....,0,0,0,0
1...6..97...7.9.2..8.......2.5.....194....65..6....34.6...57..9....8....3..4.1...,0,0,0,0
..3..4.6..5.28....7893.6.5..4...9..6............6..59..1.....2.8..4.......492..1.,0,0,0,0
1..4..9.....3...2..8.1.6..4.7.69......25...4..6.......34....8...1......2....8..6.,0,0,0,0
..3....78..68.1.2.7.....61..4...2..6...4...89...1.6.....5...74..1..398...........,0,0,0,0
..3...6.7..671..32....2......7.381.9..1.....624.69.....34......8.....9........354,0,0,0,0
.2..8.7.9..6..283.................735.4.71..8.....9.1.9..417...3.25..4..8...2....,0,0,0,0
...5...6...6982....................2..7.4..95.9.8.17........6..9..7...4.34..1.2.7,0,0,0,0
.2...8.75...3....2..9.1.4.3..28.17.4.6..3...........8.3.....2.96.8.9.......1.....,0,0,0,0
.....56...5.1.8...7.96........5.1.492.....8....4...1........2.6.71.9...4.4.......,0,0,0,0
..3...8.......79.1.8..3.......5...94..764...5.4.8..7.......234.2.........1.968..2,0,0,0,0
1..5..8..4....29.3...1.3..4...9..5...9.....86.3........7.......6..84..7...83..625,0,0,0,0
..34....64..8.3.12.8..1...5..7..5...2.....6...94......8..1....4..2.3.....6....57.,0,0,0,0
.238...9.....97.8...9...1......4861.26.7.........6...4.35......6.2..9......48.5.3,0,0,0,0
.2...9..6.5.7...1...9........2...6.....53...767..1..38..5...1....82....424.....63,0,0,0,0
..35....4.56.7.......4215.....6.2..7..8...4...9.3.4.1......62..8...9.....1....97.,0,0,0,0
.2..68.74...73..18..9..2..5...8...4.5..3.....8.....7.6.4..1.....7.2.....6.1.....7,0,0,0,0
.234..9..4.69.....7....3..6.........5.73..8.....765....4.8.15.7......48.9.....1.2,0,0,0,0
..36.8......7..8.27....1...2..1...9........81.6..52...9.4.6..3...8..4...6.....45.,0,0,0,0
.....7.9..5.39..7..8........3.........145.........3256...56...46...81.3...79.....,0,0,0,0
......678.5.......7.9.3......2....1.517.6.3....4...7.5...7.....63.4..58....8.34..,0,0,0,0
1..4..8...5...7.......3..2.8...2..39..5..9.76.6......839.....6264.........7...4..,0,0,0,0
...45678....7.9..3.........2...94...5...7...1.9...3.6..7...16...12..7.9.9..36....,0,0,0,0
.2.9..67.456..................3.1...8.429......5..8..6..17....2.7....34.36.5..7..,0,0,0,0
1.386.5.7.5..7......9..514...2.5.6......8......7....136.....9...9.....8.3..2..4..,0,0,0,0
....5.47..5...1....8......6.37......81.7.4.2.....9.8.....6.2.3.39..4...56....9..1,0,0,0,0
.2....6.84.68..3.......3.4.6....7.1..1....8..8..4.65......5.4.9.75.......4.692...,0,0,0,0
1..58..6..5.........9...4....46....7..1......67.4..1...4.1.6...36.85....8..7..65.,0,0,0,0
....4.9...5...3......5.2...3...9..5.89....62...51.....5......196.1.2..3..7.3..46.,0,0,0,0
....8.....562.7.1..891...2.....1...7..1..4..539............9.......7...3..2.6.9.1,0,0,0,0
.2...6..7......93..89...2.45.......88.49....5....6.3..3.5..2.....7.5.1...4..3..7.,0,0,0,0
1.3...8.7.5..8.3.1.89.3.....4..6......1..8..6..7..2.4..1.4.5........3....92....74,0,0,0,0
..3.5897..56......7..12......1...7..........8.4.2.7..16....2.8.5..6..4....89.4.6.,0,0,0,0
1..86......6.....3789....6..95.....2......4...6.1.5....4...1.3...2..76.15....27..,0,0,0,0
.2.58.7...56..9.83.....1...23....8.......24....7.....53....6.......28.169...1.2..,0,0,0,0
.....6....561.7..9....3..1...8..1....1.5.9..3..7....4.....9.2.6.3..2.79..........,0,0,0,0
...7.....4569...3.78....1.6.9.6..82.512......8..5..7.....3...5.........297..8.6..,0,0,0,0
....5....4......17...6.2.....7...1...12.3..4.8..7...6.24....5..6.5.8......8.7....,0,0,0,0
1..5.49.....92.1......3....2.18..34..6.4...299...5..8..4......6......8..895..2.3.,0,0,0,0
12...59..4.6.9...1.8......5...72..8..91.5426......9...9....14......8.596.........,0,0,0,0
...74.......8....3.....3.545....9...3...7.89.2....6.1.9......3......72..6.5..294.,0,0,0,0
..3...7...5.....1..89.6...4...4..9....789...5...3....8...6.8...26...13........28.,0,0,0,0
.2.....6....9....3..9.615.2....27...8.7.....1.64...3........1.......548....738..6,0,0,0,0
.....6.....6.2...87....3..2......6.5..49...3.63..1...4.6..4..2...2.9.8..84.....97,0,0,0,0
12.7.4.8.........3.8.52.6...........64.2.9.....1.4...7.......5....39....91..764..,0,0,0,0
1...6.89..56.....27...245.65.......9.7...3.....2.....7....3....9...48..52..6..743,0,0,0,0
1..7......5.89...3...32.1..5.2...94.8.....2....4...6.8..7...4.......9...2..17...5,0,0,0,0
....8..694..29.31.......5.29.7....5.....3.9.7..4.....6.....5...39.8..4....13.....,0,0,0,0
12...56...568....3.......1......9.85.......2..9.2567..2....8.6....4.1....7.5....9,0,0,0,0
12.7..5...5......27..3...14..1.2....69......8.38.......6..49........394..1...7.6.,0,0,0,0
1...74....56..9.1..8..6..4.8..........5...6.....3.2.51.1..4.83.3.7.....5.....6...,0,0,0,0
1...5.4...56.1..7.78......1..1..4.65594...31..7....9....2...8.......8......6.1...,0,0,0,0
.2.4...8....9....3..9.1..452..5...6..3..9.8....1..4........1.97.746...3..1..75...,0,0,0,0
..37........19.7.2.8..2.............6.7...95....4.7..8.1...6.9....9.38......41.63,0,0,0,0
......8.....2.....7.9..526.....8.39....7.....234.......7......6.41.3..7.3.815...9,0,0,0,0
.2.7..6..4..8.9.....9..21..8..17......1....7..7.628...3.2....566.....3.4.9.......,0,0,0,0
1..856..7...9.......9.4.1.......9.2.....67.81......3..8.54...636.......8..2.3...5,0,0,0,0
.....4......72..13.....15.2.61..5..7..78..4...4...3.9.6....7....1..3....3.89....1,0,0,0,0
123.........3.8.......4.6..9..27.3...3.6..9.5...4..7...95...1..3......7..71.5...8,0,0,0,0
1..5..76.45......37....6.2...7..82....4......56..3.947..29...54...........5.6....,0,0,0,0
1...8.....56..2.13...3.......421...5..8.4.6...9.........54732..........6.7.6...4.,0,0,0,0
.2..456...5....38.....6..4.9..........45.8.1..3...6..989.......3.5..4..1.....2...,0,0,0,0
12...5.....6.2....7....3.5..7..563.4..54...7........8....8.71..6.8...2...9.....3.,0,0,0,0
1.34....84...8.1.......1.642.....58...1.9........57.2...59...7.64.......97.6....3,0,0,0,0
....84.........813......4.2..72.....2.81......1..67...8.5.3...79...2.6...6.4..1..,0,0,0,0
.....4769.5..29........1.4.69...5.378...37.94......6...6.4.3...9..85......2....5.,0,0,0,0
..3...8......89.7.....61.43.1....7.58...1..2.2.597...1..8....3..42.9..1.....3...8,0,0,0,0
..3........67...19.8....43...4.6....2.13.........2...89.8..65.......4..15...1.9.3,0,0,0,0
.2.....8.4.6....19789.6.....47.8.......714......2...9..948....5.....3.2.3..5.....,0,0,0,0
.2..8..4..56...38.7....1...........7.1.92..5....5.7...5..1..4...4135.9..9...4...8,0,0,0,0
12.4.9...4..3....1..9.6.....7...6.4.5......1.3.1.8...2.......54....3182....2....3,0,0,0,0
....5.7..4.687..2...9....56.68..4...93......2..1...6.8..5.32..481......7...7.8...,0,0,0,0
123.6.5....6.9.73..........5.1.2.....6...7........9251......92..4.23.........61.8,0,0,0,0
..36.8.7.4...97..1....2...42.4.1.....61..34.28........3.82.......59..1......8...6,0,0,0,0
12....95.4.......3.8...3.....1365..4.6...........41.8....8...9...2.3...754....3..,0,0,0,0
.2..76.5....82......9.3......7.....459...72.38..394......6.8.4.6...4..2.......6.5,0,0,0,0
1...8..49.5.7..........16....7.....35.4..2....3...6.5....1....79..4.3..2......89.,0,0,0,0
.2.64...5.5....281...5....387.....5......934....4......4..7.........38..51....7..,0,0,0,0
...58...9......3...891..5......75...6....1......49.2..3..7..4..2.5.4.8...7.8...5.,0,0,0,0
.......49.5......87...3.2.62....64......94.7.....2....3.8....9.67...98...12.....7,0,0,0,0
..34.....4...78.12..9..1........4..8..1....7.2...6............6.7...59...648.315.,0,0,0,0
.....5...45.2.9..378....2..3..5.6...2......9.51..2..8......1......8.4.3.....6.857,0,0,0,0
.2.4..78...6..9.3..891.....59.........8.7...5..1...9......1...6...56.2.1..5..3...,0,0,0,0
...8.4.9...6......7.....1...4...3.....1...4.5.976..3..9...3....2.54.87.....5.2..3,0,0,0,0
.238...9....17...2...........7......39..4..68.4.7...3.9..4.3...5.4...9..67..1..5.,0,0,0,0
1.3.74.6.4.62............5.96...3.8.......3..2.76.......1.26......8...9..7..3...5,0,0,0,0
.2.....95.56......7...1....3..1.........9..3.817......27..654.....98..2..4.....56,0,0,0,0
..345...........7..8.6.23....43...69...7.1.....1..97..61.........8.....42...36..8,0,0,0,0
.2.....694....9..8...3..24..6...8.7.3...5.....97...6....8...43....9.7....72......,0,0,0,0
1...4.6...567..9.3.........9..5.28.7.........5.7.6....84167...5..5....8.6..3.....,0,0,0,0
..3.4....4....8....8..2...3.7146.8....8..12.6......1..9..3.7..8.6.....9....2...7.,0,0,0,0
.2..5....4....1.937.924....8..5....6.6..28..4..7.1..2..7....9.....8....7...4.56..,0,0,0,0
.2.......4...91.3..8.2.3...5.2.....1..1.49..23...1.95.......42....4....6.4..7....,0,0,0,0
.2.49......6..7.1....5....4..17..2...4..........184.363.....5..27...3.......4...2,0,0,0,0
..3.........8...21..9...465..1..7.......42...8476.....3.....57...2....9...426....,0,0,0,0
1.3.5....4..798....8.....4.56.2.9..8.91......2...1......5..7..4..2.4.6.........97,0,0,0,0
.......4..568..1.97.93..6.2..1..3...3....4...5......7.9.5..7..82..13.4...1...8...,0,0,0,0
..3.....6.......2.78.6...5.5...67..9.....45...41..56.76.25....1....9......5.81...,0,0,0,0
................12..3..4........34...1.......25.....6.....7.3.....52......61..8..,0,0,0,0
................12..3.45.................67.518...........1...4..7...6..3..28....,0,0,0,0
................12..3.45........6......1.2.5...7...3......7.84..6.......82.......,0,0,0,0
................12..3.45..6.....2.....7...8...5.1.6.......8.7.4....9.....2.......,0,0,0,0
...............123..4.56..........57.8.......13.2.........4.......3..8....5....6.,0,0,0,0
..............1..2..3....4.........1..5.36....2......7..8.4..5..1...7....9.....3.,0,0,0,0
..............1..2..3.4..5.........6......7.1..83.......45...9..1...6...9......8.,0,0,0,0
..............1..2.34.....1........5....36.4.71..........3........84....2.....6.9,0,0,0,0
..............1..2.34....5........6....35....7.....8.1....4..3..7......91....8...,0,0,0,0
..............1..2.34....5.....3.......45.....2......6...7.......8...34.1..2.6...,0,0,0,0
........1........2....34........345...1.......67...3......7.....8.21....4.....9..,0,0,0,0
........1........2..3..4........536..1....4..7...3.......2........71....8.6...5..,0,0,0,0
........1.......2...3.45........65...1.......27..........89...7..42.......5...3..,0,0,0,0
........1.......23..4..5..........36......4...1..27......31......5......87....9..,0,0,0,0
........1.......23..4..5........6.7.....7.....12.........2.486.1...3....5........,0,0,0,0
........1.......23..4..5........647..2.....8..3..........23......9.8....6..1.....,0,0,0,0
........1.....2.....3....4.....3..14.2.....3.5....6......47.....8.......26....5..,0,0,0,0
........1.....2.....3..4.5......62....5.1.....7.....4....58..3..2.......6.......5,0,0,0,0
........1.....2.3...4.5.6.....1...2..4..7.8..5..8.3..9.76.......8.9.....4...8.7..,0,0,0,0
98.7..6..5...94.8...76.....6......4...9..3..6.....79..4......2..1...9..4..64..3..,0,0,0,0
98.76.5..7.....68...4..8..95..6..3...2..1........9....3...79.5..9.5....3.....69..,0,0,0,0
98.76.5....49...6..5..84...3......9....2.9..1....7.6...7.8...5...9...8......9..76,0,0,0,0
9876.....5...8.96.............56...46....859..3.29.8..2..8..65.....5..21.........,0,0,0,0
.23.....94.....1....9.2..4.2...9...1.....58....56........8...7..6...7...9...4...3,0,0,0,0
1...5......7..92...6.3........7..94...4..8..7....1....5..6....8..8..7.9..3......2,0,0,0,0
.2.4..7..4.......3..8....64.6.3...7...1.9....5....8........52...3.6....79...1....,0,0,0,0
98.7..6..5...6......6..9.4.32.9.......8.7.9.........31.9......8..5...4.....1.2.9.,0,0,0,0
98.7..6..5..9..7....4.3..9.6...59.8....8....6.....79..2..6..8...1..72.6.........2,0,0,0,0
98.7..6..7...8..5...4.6.....6..5.8....84....5.....3.6..2....1....1.4..3......1..8,0,0,0,0
98.7..6..7..5.......4.8..7.4..3..2...9..1..4...1..5..61...7..8..4...2.........3..,0,0,0,0
........1.....2.34..4.3.5....1.4...5.4.6..7..8....9.4...3.7..5..6...8...2..9.....,0,0,0,0
98.7.....6...9.5....4..6.7.5..6..3...4...9.6.....2...1.9...8.3...39..4......1...2,0,0,0,0
....5.7.......9.3..8.1....6..48......6...4..19...7....3......5...26....4.1....9..,0,0,0,0
98.76.5..7...4.9....3..9...8...9.7...2.4.7..........1.6....4.5..986..4......8....,0,0,0,0
98.76.54.7..5.......3.9....6....59.7...9....4.....6.5.5..6...7..2....1.9..7.8....,0,0,0,0
9876..5..4..9..6......8..7.6..4..9....3..2..1....6....3...4......93....6....593..,0,0,0,0
1.34..7.....18..6..8...74.........1......2....1.7..8.2.4..7.1.85........8.1....9.,0,0,0,0
98.7..6..5..6..4....6.3..8.4..2..7...6...1..2..2.4.....9.4...7......69.........54,0,0,0,0
98.7..6..5.4.6..7......8..367..8.2....52.9........7.3.29...63.........1.........6,0,0,0,0
98.76.5..7....9.6..465..7..3.........7.8..4.......5..2.1..8..4....1....7....541..,0,0,0,0
98.7..6..75..4......3..9...3.7..2.6..6....2.3........92.6..73......1..7.........6,0,0,0,0
98.76.5..7..9..8....6......8...7..4....4...58.....97..5..8..4...3......2..8..1...,0,0,0,0
98.7.....7...6......5..87..5.....4....43...6.....24..1.9...58.....6....2....1..3.,0,0,0,0
98.7..6..75..8......6......4....3.....5.6.9.....2...1..3.9....4..9.7.8.......1.2.,0,0,0,0
98.7..6..7...5......4..8.7.8..3...9..7...98......4.....9.2..7.1.2...3.8.....9..3.,0,0,0,0
98.7..6..7...6......6....75.7.4.3....49...5....8.5...4...2...57....9.8.......7.1.,0,0,0,0
........1.....234...3.1.52...2..1..4.6.......7..86......4..5..3.3.9.....8.....79.,0,0,0,0
98.7..6..7..9..5......4..7.6..5..7...38...........2..1.978.......6..78......5....,0,0,0,0
98.7..6..7..9..5....4....7.8...7...5...5...68.....97..5..6..8...9..3.....2.....1.,0,0,0,0
98.7..6..5..9..7......43...7..2..5....6.1..8.....9....1....2..6.7....1....91....5,0,0,0,0
98.7.......6.5.9.......9.4.6...3.2...5......4..2..1.6.2.......1.6..8.3....3..7.5.,0,0,0,0
98.7.....6...8......5..68..5....94....4.7..3....2....1.5...79.....1...2.....3...7,0,0,0,0
98.7..6..7..5..49...3.....78..6..9...2..1..76.........6...59..4..84...6.......5..,0,0,0,0
98.76....5..4.......7..59..3....75...7.....6.....2...1.5...83....3....2....1....4,0,0,0,0
...........1..2.34.2.35.6.....7......3.....5.1....8.23..4.9.....1...3.428.34.....,0,0,0,0
........1..2..3....4..5..23......1....3..67..4...2..35..4.3..58.8.5.....53.9.....,0,0,0,0
98.7..6....5.9..7......4...85.9....7..3...9.......285.57.6...8.....8........17..6,0,0,0,0
98.76.5..7..4..9...3...8...6...75....4.........7..96..4..5..2...6..2..1...2..4..6,0,0,0,0
98.76.5..7..5.86.......4.8.6...7..39..9...7.....9...565..6..3...2..............61,0,0,0,0
98.76.5..7..5..9....5....6.8..9..7...3...........42.1.4...89.7..9..574.....4.....,0,0,0,0
98.7..6..7.5.......4.3.....8...4.3...6...3.8....8...67.7.4..9....9..2.7.........1,0,0,0,0
98.7..6..7..54.........9.4.6..8..5...3.....2...9....8.1....5..8...1...6.....781..,0,0,0,0
98.7..6..5...6......6..8.7.4......53..8.5.7.....2.4....3...1.2...5.8.9..........1,0,0,0,0
98.7..6..7.5....9.....95...65.4....9.....3.........48.57.6...4...2.....6....1...7,0,0,0,0
........1....23.....45..26..2..6...7.6..8....4..9...2..4.6..95.5........9.....3.6,0,0,0,0
98.7..6..7..6..5......4..7.6..9..8...9..6..3...8..2...1.........7.1...65....971..,0,0,0,0
98.7..6....7.5.........9.7..9...4..3..8....6...653..9..2....9.....6...5.....9.1.7,0,0,0,0
98.7..6..5...9..4...4......6...5...3.2.6..8....9..3....1.....26...1...87....2.1..,0,0,0,0
1.........5...913...9...56.2.1.7..9..9.6......3..2...5...5....6....149........81.,0,0,0,0
...........1..2.34.2.35.61....7...5..3.......1....3.82..4.......1...8.438.39...2.,0,0,0,0
........1.....2.3...3.4.5.....6...7...5.8.46..68.9.3....94.8...3....98..5...3....,0,0,0,0
98.7..6..7.5.6..4...3..9...85..7.9.....9.5..2...8.....69...75....8.........6....1,0,0,0,0
98.7..6....5..........95.4.7...3.8...2......1..89....66...8.3...1......2..46...8.,0,0,0,0
........1....23.4...51.6.........12..17...8..2....8..4...3......6194...33...814..,0,0,0,0
98.76.5..75.4..9....3......5...7..42...2...95......7..4..5..2...6..8..59........1,0,0,0,0
98.76....7.54..8...46..8...4..3..9...5..2..84........1.97..35.....5.........7..4.,0,0,0,0
98.7..6....7....5...4.3....83.9....5....8..9.....2.8..6..3...8...3.7...6.....1..7,0,0,0,0
98.7..6..75.....9...6......4...3.2....54...8......1..4.3..4...6..79...5......21..,0,0,0,0
98.7..6..7...5......4......69.3...2...1..2..6.....79..32.8....9....7.23.......8..,0,0,0,0
98.7..6..7...5..9...4..9..74....3..9.7.2...1...3....6.3..5......4...7..8....1.2..,0,0,0,0
98.7..6....7.9..8...5..4...5....9..3.3.6...2...1...5.61....7....5.3....8....4.2..,0,0,0,0
98.76.5..7...4.9...3.9.....6...9.8....2....1......7...5..4...98.6....4......8..5.,0,0,0,0
98.7..6....5.9..7...4.....34.....3...9.2...6.....17..91.6....8..2.8....6.....52..,0,0,0,0
98.76.5..76...5.....5......4...7.83..3.2.......7..96....8..79.....1.........4...1,0,0,0,0
98.7..6..5...6......6..9.4.3....2.7...8.7.5.....3...92.1.6.7.....5.9.7.........1.,0,0,0,0
98.7..6..7...5..9...5..9...57.6...8...4.....6....3...725.8....9.9...1.........82.,0,0,0,0
98.7..6..75.....9...6......4..32..5...85.4.7.....7.3.4.2....5....98...6.....3...1,0,0,0,0
98.7..6..5..6..4......3..8.7..9..5...42..............14...9..5....5...64....7.9..,0,0,0,0
..............1.23.24.3.5........6.....3.78...48.6..3..65.2...84.2....5.9..4.....,0,0,0,0
98.7..6..75..6..9...6......4....3..2..8.9.7.........4..2.....13..7.5.8.......1...,0,0,0,0
........1..2..3..4.5..6..2....7.2..3.2....4..5...8..9...5.9..8..8...7...96...81..,0,0,0,0
........1....23.....45...6..4.6...5.6....47..8...3.....5...1..7.9...2...4..8...9.,0,0,0,0
........1..2..3.4..1.56.2.........7...735....24...7.....3..5.2.6..8..9..9.......8,0,0,0,0
98.7..6..5..6..4....6.3....7..4..9....2.8.........7.1.6...7..4..59...7.....5...6.,0,0,0,0
........1.....2..3..3.41.5....6.......1.743...8..3..4...5.17..41..2..57.9........,0,0,0,0
98.7..6..7...5......4..8.9.4....9..6.9..7.34...6.2.....4.....68..71...2.......7..,0,0,0,0
98.7..6..7..........5.4..7.4....3..2.9....1...1.8..4...4.....6...96...1.....849..,0,0,0,0
98.76.5..7.4.......5..8.9..6.....8...9.8...53....3...9.6..9.3.....6...2......1...,0,0,0,0
98.76.5..76.5...9...5......6.........9...43....789..6..2......4..948..5.......1..,0,0,0,0
98.76.5..76.5...9...5......6....43...2.........967..8...648..5......71..........4,0,0,0,0
98.7..6..75.....8...6......6.......4..89...7.....3.2..4....1....1...2..3..98...5.,0,0,0,0
98.76.5..7....5.....54...6.6......4...8..96......3....21.........7..649......78..,0,0,0,0
98.76.5..7...5..9...5...6..4..........869..7......32...1.........753..6....8....3,0,0,0,0
98.7..6..75.....9...6......4...3.7....86...5......2....2...7..1..98...7...724..8.,0,0,0,0
98.76.5..7.4.8.9....5......8....63...4.39.......8...2.3..6..8...7.....5...8.3...1,0,0,0,0
........1.....2.3...3.4.5......6......6....5347.5..6......7.3..3.725.4..89.......,0,0,0,0
........1.....2....13.4..5......6.74.74.5.1...8.....35.2.4...1..41.3...78..9.....,0,0,0,0
........1.....2.3....451.....1..3.26.2..1....3...7.5....68...5..52...9..1....5.62,0,0,0,0
98.76.5..7...5.6....5..4.8.5.......3.7..9..6...9..57..3....69....72............71,0,0,0,0
9876..5..4..8..6......75...8..3..9....2....1.........53...84....9..364.....9.....,0,0,0,0
9876..5..6..59.8.......7...8..9..4...3...........2..1.5.......4.68...9....98....5,0,0,0,0
98.76.5..7.6...9...45.8....8......9..5.....6...7..58....3.28.5....9..6......5..1.,0,0,0,0
9876.....54..97.......58...4.....53.2....5....9..6...8..9..6..7....7.15....5....3,0,0,0,0
........1.....2.3...3.456....4.....7.6..348..8..2......36.......5.....9.4...563..,0,0,0,0
98.76.5..7....8.....6.5....84.6......9.....3...7..58..2...8...1.7..1.9....9..76..,0,0,0,0
.8.76.5..7.4.3.6....29...7.8......6.4..5..9...9.3...85.4..5.8.......9..15........,0,0,0,0
........1.....2.3...4.5.6...4..7.8.55....147.8.........659......7.......4...8.7.6,0,0,0,0
98.7..6..7...6......6....5..9...4....3.5.......7.9.5....8.5.9.....2.9..1....8.72.,0,0,0,0
98.7.....7...8......6..5...5....64....3...76....3....5.2....19...7..4..3...21..7.,0,0,0,0
98.7..6..5..4.........5.38.4..5....7..6...........2.5.1....75...9..45..1.4.1.....,0,0,0,0
9.76..5..64........3..7....8.9..62..1..28...........5.7.8.6.9...1.9.7.8....8....5,0,0,0,0
98.76....7...586.......4.8.5...7.9.....3...5.........21..6...95..7...1....5.1...6,0,0,0,0
98.76.54.7..5...3......96..5....84.3...3..7.5.......8.4..8......59.2.....1...5...,0,0,0,0
98.7..6..7..5..8......4....6....5.....3.7.5.....3...963..8..9...28.....1..9..7...,0,0,0,0
98.7..6..7..5..9......4..8.5..6..7....3..........7...21...6...5.571...9...9...1..,0,0,0,0
98.7..6..7..5..9...4..3....5....2.6..6..752.....6....92..8..5....8.....1....5....,0,0,0,0
98.7..6..7.54..8.........5.8..9..7...3..2............16....4.8....8...76....9.4..,0,0,0,0
98.7..6..5..9...4...6.85...6...59..3.53...9.........2.3......9..6...3..8...17.3..,0,0,0,0
98.7..6..5..9...7.....85..47..5...3......67.......2..51...5.3....71..5.9.....7.1.,0,0,0,0
98.7.....6..5.......4.6.3..2.....16...8.1...3.....7.8..5...9..4.2....8....6.8..3.,0,0,0,0
........1..2..3....4..5..6.....7.5...7....6.48.54...7...4..79...5.36..4..8..4..3.,0,0,0,0
98.7..6..7.5.4.....3.9.5...5.2..9.6..9...........2.1.94..2...7...8.....4.....49.6,0,0,0,0
98.76.5..7.4....6..5...4.9.6....8..9..894........7....3...9.8....9..7.4.....2...1,0,0,0,0
........1.....2.....3.4.25...25..67..3..7....6.....3....4.6...8..6..754..9.45....,0,0,0,0
98.7..6..7.5....4........9.6.7.4.8...498........6.3...37...84....24.........7...1,0,0,0,0
98.76.5..75...9.....6......8..6...4.3......8...5..87..5.72..8...2.81.........56..,0,0,0,0
98.7..6..7...6.5.......4.878..6..3...5..2..7...1..8...5....6..3.983....5......8..,0,0,0,0
9876..5..6..5..8....4....3.8..9..7...72.1.............2....9....9..562.....2...8.,0,0,0,0
9..7..6..5..4.......7.6..3..9.2.4.7...2.7.3.......1..2.5....48...8.4...33..1..7..,0,0,0,0
98.76......5...76.........95........4....39....859...6.2...5.....763...5......13.,0,0,0,0
98.7..6..5..6..7......9..4.7...53.....9.6.5.....9....73..5..2...2......1....2...8,0,0,0,0
9..76.5....7..5.....6..4.7.83.2..6...6....1.8..5....4.5....8..6.7.....8...86..4..,0,0,0,0
98.7..6..5..86.4.........5.7....85.....47...3....9....6...8.9...5......6.2.9...1.,0,0,0,0
.......12..3..4....5..6.3.....4....1..6.7.5..5....8.7..6.....2..798.....3...5.7..,0,0,0,0
........1.....2.3...3.4.5......6......6....4357...36....7.3.4...3.8.9...2.5.7..8.,0,0,0,0
98.76.5..5....8.....7......4......3...9..68....64.59...2..5...1..5..72.....82..5.,0,0,0,0
98.7..6..7...5..8...4..8..769.3....8.....296.......3..37.8...9..5............1...,0,0,0,0
98.7..6..75..4......39.5.7.5....7.8..38..........2...3.9.6.3.5.......1..........6,0,0,0,0
98.76.5..76.....9...5......4..........958..7......32....763..5......71.......5..3,0,0,0,0
98.76.5..5..4..9....3....2.7..6..8...68.1.............6...4.....9..764.....9....5,0,0,0,0
........1.....2.3...4.5.6....5..4..6.7..6....8..5..4....7.4.89...8.7....91.....4.,0,0,0,0
..............1.23.12.4.5......2..6..257..1..8............5..9..54..27...8.47....,0,0,0,0
........1.....2.....2.3.45.....6......4..563..7.34.1....34..56..5......89...5....,0,0,0,0
98.76.5..7...4.8.........6.57.....8349.........8.7.9...5..8.4.....2...1......6..8,0,0,0,0
........1....23.....45..26..26.7.....8..6...94..8...2..4.6..85.5.......66.....7..,0,0,0,0
........1.....2.34..3.5.6...3..7..6.6..8.9...7.9.......5...7..9.9.....1.3...9.57.,0,0,0,0
98.7..6..7...85.4...3.6....65...82....9.....8....7..9.29..5.8....82....1.........,0,0,0,0
98.7..6..5.....7....7.8..493..5..2...51.....3....93...2...59..6...6...2......79..,0,0,0,0
98.7..6..7...8..5...4.36..863..9.5....2.........6.....37...98.....8..7.1....7...5,0,0,0,0
98.7..6..7...5..9..4...9..76....5.7...736.2....4......3..5...1...1.....8....17..2,0,0,0,0
98.7..6..5..9...7.....5...47..3...6...9..2.....1...8..3...9...6...6....5....37.9.,0,0,0,0
98.7..6..7.5.6..8.....8....64...79...5.........3.9..2.49..7.8.....4...91.....8...,0,0,0,0
98.7..6..5...8..7...7..4..93.....7.8..64...5......8.....85...6...5....9.....21...,0,0,0,0
98.76....54....7.....5...987....6....5.4...8.....7532.4..6...79....1.2..........3,0,0,0,0
98.7..6..7...6..9...6..9..54..9.3.....7.52.......8.5...9......1..8...2.....2....9,0,0,0,0
98.76.5..5..4..7.........6.7......85.4....9....98...7.4..9..8...3............2..1,0,0,0,0
98.7..6..7.5....9.....5....85.4....9..7...8......3..4.67.5...8...2.....7.....1..6,0,0,0,0
98.7..6..5...8........69...46...78....5....3...2.....6.4..7.9.....9.6..4...4...61,0,0,0,0
..............1.23..1.2.4.5.......3...65..2.4.7..4......2..45.64..26..8.9...5....,0,0,0,0
98.7..6..5.4.8.........3...79.8...6...8.3.9.7..5.....2.5...8....2.3....6..7.1..8.,0,0,0,0
98.76....7...54.....49.....3...2.9...7.1.......6..9.7.2....5.9...7...3.5...4..2.7,0,0,0,0
98.76....7..5..9...5...8.6.5..4..3......5...2....1..954......3..9....7....79...54,0,0,0,0
........1.....2.34.45.3.6.......7....56.8...39..3..8....9..5....68.1..4.5.......6,0,0,0,0
........1..2..3.4..4..5.6....37.....4....2.8.6...1...9.3..28.6.2.65..8..8.....9..,0,0,0,0
..............1..2..1.2.34.....3...5..36..12..7...........6......27.346.8...4...9,0,0,0,0
98.7..6..5...8..7...7..4...3...9...2.5...3.....95...8..2..1......54...6......6..1,0,0,0,0
98.7..6..7..5..9....4.3..7.8..6..59..2...1..7.........3...65..9.983....6......3..,0,0,0,0
98.7..6..5..9..7....4.3....6..5..9...5...8.6...2......1....7......1...76....591..,0,0,0,0
98.7..6..7..68.5......4..8.6.......5.395.......7..63..3..9..2...9...2..1..2.5....,0,0,0,0
98.7..6..7......9...6.5....4.......3.2...5.....78...6...95...7...46...5......41.6,0,0,0,0
95.7..6..7..85.4...84......6....78...9..8.......63..2.5...7.3....93....1.....5..4,0,0,0,0
98.7..6..76..5......48.6.7.6..3.7.9.......3..........24.....1...9.6.4.8.....35...,0,0,0,0
98765....6....485..........5...6.38..9..........8....23..5..64.....4........3...1,0,0,0,0
..............1..2..3.4.56........7...74.6...13..7......1.3...5.74.6..1..8...49..,0,0,0,0
........1.....2.34.45.3.6.....7......84.5...39.....8...36.8..1..9...5..65..3.....,0,0,0,0
98.76.5..7..........5..89..5....9.4..7.........437..8..5....49....52.8.7..7.....1,0,0,0,0
98.7..6..5..9..7......8..5.6..5..9....4...........3.212...5.....6.2...9...9.7.2..,0,0,0,0
98.76....7..8..6....6..5...5.......4..749.5.........3.27........1..74.2...925.8..,0,0,0,0
98.76....75....4....6..5.9.8....796..6..8...4....3...2.9...865....1...4.........7,0,0,0,0
1.3..67...5..8....6..3.2....6..9.3.539......8..4...69..3...8.6...56.....9...3....,0,0,0,0
........1..2..3....4..5.26....6....7..6.3.52.5..8.......43......69...1..2...9.64.,0,0,0,0
98.7..6..7...96.....5.8....43..7.8....94...2...........4...79....19...3....83....,0,0,0,0
98.7..6..7...8..5...4......37...28....1.........97...623..9.7....73...6....2.....,0,0,0,0
........1.....2..3..1.4.56...4.5.13..3.7...4.8..........6....5.1...6...44..5.96..,0,0,0,0
98.76.5..7...5..9......98.764...5.8.3...4......2...4..27...6.5....3..1..........2,0,0,0,0
98.76.5..4....9.8...3.4.2..8..3...75.3....8....7.....2.6.....5...85..7......8...1,0,0,0,0
........1..2..3....4..5..2......6.7..6.5....42.7.4.......8..9...21.7..6..7..6..4.,0,0,0,0
9876..5..6......8...45..9..3......9...59..7......2...1.7..964....6.54.7....7.....,0,0,0,0
98.7..6..75.4.......6.9..758...7..96.6.9.4..3......2...7..4..59...3...........1..,0,0,0,0
.....1..2....3..4...56..7....1.....4.5.1..6..6...8...3.19.68....7.....2.5..7..1..,0,0,0,0
98.76.5..7..4.......3..8...3....2.9..281....7...6......9...673..37..4.2.........4,0,0,0,0
98.7..6..5...4......7......69.5...8...5..3..9..2...5...6.8....5....17.6.......87.,0,0,0,0
98.76.5..7..8.......5..4.7.5...4..9..3...97....95..2..1...5..........6.1..7..2.5.,0,0,0,0
98.7.....7.....6...5..4..8.6..9..3....5.7...2.....1..5..9..57.....6...5......7.36,0,0,0,0
98.76.5..7....4.9...3.59...83.5..2......3...1.....6...62......5.7.....2...8.7.6..,0,0,0,0
98.76....5.....7.........9876...85....4.5...3.......2.47...69.....5....4....1....,0,0,0,0
98.7.....65....7....7.6....4....7.3...58..9......2...1.3...8.4...96..8.......1..2,0,0,0,0
98.7..6..5..8..7....4.3..5.6..9..5....8..2.1..........2.......7.6..972.....2...65,0,0,0,0
9..76.5..7.54.19...6...5.4.4..5..3....2.....1.....8...3......79.4.9...35......4..,0,0,0,0
98.7..6..7.5....8..6....9.75.6.9..4...84........5..3...2..7.8....79...6.....8...1,0,0,0,0
98.76.5..7..5...9......9..864...7.8...3...4.....42....37...685..6......3......1..,0,0,0,0
98.7..6..7.5....8........9.84.9....6.3..86......32....47.8...6.....1.7........4..,0,0,0,0
98.7..6..7.5....4..........86..7.9....7..9.3......8...69...72...5..2........6..91,0,0,0,0
........1..2..3....1..4.25........46.7.4.....8...1.72...7.8.51..5.9.....18.7.....,0,0,0,0
98.7..6..7..95.4....5..3...6.84..9...2.....6..........1...9..4....1...96....471..,0,0,0,0
.8.7..6..5...8..7...7..49..3...9.8...9..78.....84......2...1..9..59...6...9...25.,0,0,0,0
98.76.5..7..5..9....4..8.7.3..6..7......3..2........531...56....9.1....5....7.1..,0,0,0,0
.......12....13.....45..6.......7.8...63..4..27.........9..6..4.8..3.9..4..9...5.,0,0,0,0
........1.....2.3...4.5.62.....7......7..546..3.46......25..7..4.......89...4.2..,0,0,0,0
98.76.5..7......4...3..58..5....8..3.7.2.........7....3.7....1..9......5..53...74,0,0,0,0
98.76....75....64......5...8.........6...95.8...3..2..6....78.9....1..64.......2.,0,0,0,0
........1....23.....45...6...6..1..2.7..8....9..4...7..6.9...5.4.5..8...7.9...3..,0,0,0,0
98.7..6..5...8......4..3...7..2...8...8..14......9.....5....1.3.2......4..1..8.6.,0,0,0,0
98.7..6..7..5..49...5.....75..3....6..8...3....4.2....4..9...6...9.5...4.....17..,0,0,0,0
98.7..6..75..6..8...6......4..3.7.....5.9.7..........2..8.7.9.5..765.8.....8.1...,0,0,0,0
........1.....234...5.1.........1..3.3.2...6.7.1.3.2.4..2..4..8.4....6..1.96.3..2,0,0,0,0
........1.....123...2.4.5.6...7......58.2.9..37.........64....5.8..6...99....26..,0,0,0,0
98.7..6..7...86.5...6.9....4.........3......2..9.378....8.753.....3...1.......5..,0,0,0,0
98.76.5..4..........7......8..63..5..3.9...68..9...3..2.8..7....9.85.7......9..1.,0,0,0,0
98.76.5..76.....9...5.......4.........859..6....4.32....783..5......51..........3,0,0,0,0
........1..2..3....4.25..6......6..7.7.3..6..8..74..2...786..4..8....9..45.......,0,0,0,0
98.7..6....5.9..4......3...6..2..5...5..6..9...4..71..5...8..6..16.....2......3..,0,0,0,0
98.76.5..7..4..6....5......8....43...97.3.......87..2.6...4.7....93....1.....6.5.,0,0,0,0
98.76.5..4....8.7...7......6......38.9.58.6............2.....51..925..6...6.1.2..,0,0,0,0
98765.4..6....9....3..7....7..9..25.3....5.6.......3.71...9.73....1.6..2.........,0,0,0,0
98.7..6..76.5..4....5....8.6..4..9......5.........3.2.1......7..49.7.1....61....9,0,0,0,0
........1.......23..2.134.....5.......6.21.4..7....1....1.62..42..8..6..9...5....,0,0,0,0
...........1..2..3.4..5.12........56.2.5.....7...1.28...2.8.74..8.......47.9.....,0,0,0,0
........1.....2.3...4.5.6....53......4..6.7..6....1.8..5.2.9....798...5.4...7.9..,0,0,0,0
98.76.5..7...4.6.......3.7.6...2.9...7.........1..8..64..2...65....5..9......42..,0,0,0,0
........1..2..3.4..5..6.7.......4..7..8.3..6.1.....93...63...8..8..26..95...48...,0,0,0,0
98.7..6..75..6......6..8...4....3.2...5.7.9.....9....3.2.1....4..7.8.5.......7.1.,0,0,0,0
98.7.....7.....6....6.5..8.4...32....3.....1...85....4..96..8......4..2......1..3,0,0,0,0
98.7..6..5..6...8.....8...47..5..3....5..2.7..1.......1....6.37.371....5..9...1..,0,0,0,0
98.7..6..5..96..8...6....7.4....3.2...387.5.......9....1......3..539.7.........5.,0,0,0,0
98.7..6..5...9..4.........73...4..2..5...9.....65..8..1....24....94...1...5.1...3,0,0,0,0
........1.....2.....3.4.25.....6..7...6..534..8..3......46..52..5.....1.9...54..7,0,0,0,0
98.7..6..5...9..7...7..4...3...7...2..84..39......3..1.2...6.....98...5.....1....,0,0,0,0
........1.....2.3...1...245..2..4..3.6..7....8..9.......3..5..4.7.....6.9..8..3..,0,0,0,0
.....7..2..9.8..5..3.5..4....3..2..1.2..1..4.6..8.......2...9...5..7..1.8..6....4,0,0,0,0
98.76.5..7...4.69...65.....6.8....3..9..8.7....7....5.4..2.......9.5.4.......4.1.,0,0,0,0
........1.....2.3..14.3.5.....3......63.4...547.8......41.6..5..5.9..4..7.....1.6,0,0,0,0
.......12.....3..4..1.4.5....4.2..5..6.3..2..7..8..9....9.3...5.8.6.....3....7...,0,0,0,0
........1.....2.3..13.4.5........6...76.5..1.1....84...41.3...63.7....5.9..7.....,0,0,0,0
98.7.......6.9.5.......4.9.7..9......4...8.....3.6.2..12....6....5.....3....1...5,0,0,0,0
98.76.5..7...5.6.....4.8...5......9..6....3...39.7..5637..2.9....2.............12,0,0,0,0
........1.....1.2...3.4.5........6....67.3...45..6......4..2.89..5.7.3..9..8.....,0,0,0,0
98.7..6..5...9..4...3.....92.1.3.....6.8..4.......2.1..5...7..4...5...67....8.5..,0,0,0,0
.......12.....3..4..4.2.5....5.4...1.6...78..9..3..2....8.3..5..7.6.....3....9...,0,0,0,0
98.7..6..5..6.......6.8..4.3......24.9...7.....8.4.9...5....18...9.1...6.....3.9.,0,0,0,0
98.7.....7...6.5....6..4.7.3..2....4..8.4..2......8..5.9...1....3..7...8..24...1.,0,0,0,0
98.7..6..75..6......68.....4......3...7.5.9.....3.4..2.1.5...9...9.8.5.......2..1,0,0,0,0
98.7..6..75..4......3..8.7.5....7.9..3..2..6....4....1.9...3.5...5...2......1...6,0,0,0,0
1..2......3..4......4..56..7..1..8...6..8..2...5..4..3..74..1......9..8......6..5,0,0,0,0
98.7..6..7...5..9...4..9..73..8....9.7.....3...2..4...1..2...7..6....8......1...5,0,0,0,0
98.7..6....5.9..7......8..94....7..3.2..5......71...8.3.......4.1..2..9....6..1..,0,0,0,0
98.76.5..4..3..97..3......28.........79..58...548...9.5..4..7......1.........3.6.,0,0,0,0
98.7..6..75..6..9...6......4...8.3....86...5.....24....1......9..98...6.....3.2.1,0,0,0,0
98.7.....65....4....3.9....4...3..6...59..3.......2..1.7.8...3...6.5.8.......1..2,0,0,0,0
98.7..6..7..........5.6..8.6....4..3.7..2......18..5...4..1..5...79..1.......3..2,0,0,0,0
98.76.5..7..4..3.........8.4..9..6....2..6.......7...13......75.4.5.......9.3.4..,0,0,0,0
........1.....2.3...4.5.6....51......7..8.5..8.6.....9..7..3.2..4.9.....6...7.8..,0,0,0,0
98.7..6..7...6..5...6..4..76..3.21...5.........2.8...6.9..4......72....8.....8.1.,0,0,0,0
98.7..6..7......9...5.9...85...7.9.4.7.....3...42..1..2....3....5..8...2...6...1.,0,0,0,0
98.76.5..7...4.6.......3.7.6...2.9...7.........1..8.6.4..2...56....5..9......42..,0,0,0,0
98.76.5..5..4.3.8...3..8...6...7.9.....2....4.......2.1....7....96.1..7...56..1..,0,0,0,0
........1..2..3....4..5..6.....7...4..75.6.8..5.8......6.28.37..7..6..4.9........,0,0,0,0
98.7..6..7.54..8...3..8..5.8....4..6...6...98....7.4..6..5..9...5......2.....1...,0,0,0,0
.....1..2....3..4...56..7....68......2..4..1.5....2..3..9.8....6..9...7.75....9..,0,0,0,0
........1..2..3....4..5..6......27...5..6..8.7..1....3.8.......4.6.9...89.58...4.,0,0,0,0
98.76.5..5..4..8...3.....6.8..2..7....1.9...........892....4.58...5...72......4..,0,0,0,0
98.7..6..7...5..9...4..9..74....8..9.9..7..3...2.9.5..1.....3...4...1..2....6..1.,0,0,0,0
........1..2..3.4..5.16......3..7.2..8..3....6..95.8....9...4.7.3.....9.4....9..2,0,0,0,0
...........1..2..3.2..4.56.....5.7...8.....4.1....9..2..37......1..93..89.86.....,0,0,0,0
98.76.5..7...4.9....5..8.7.6...7.4.....3...5......4..21.........964..1...7..1..6.,0,0,0,0
98.76....5....49....4....7.4....32...9..8..4...6.....91...2...5.4.3..1....9..1.2.,0,0,0,0
98.76.5..7....9.6..4..3.7.98.46..3..3...8...5.5........6..7.4....7....2....1.....,0,0,0,0
.....1..2..3.....4.2..4..5....6..4...7..8...59....3.8...19......8..2.5..6....5.7.,0,0,0,0
........1.....2.3...4.5.6.......3..7..6....1..8..4.56..492......58.97...6...8.9..,0,0,0,0
98.7..6..7..8..95...4.3....8..29.5...2...1..9.......2.6.......5.7.5...96.....87..,0,0,0,0
........1....23.4...51..2....26....4.7....6..8...9.5....42...6..9..7....3....8...,0,0,0,0
..5....9.67.9.....8...5.6..4......3...75..8.......4..2.3.....1...68..7......21...,0,0,0,0
........1.....123..12...45...6.7.....3...5..28..9.......7.8.....5...4..39..5...6.,0,0,0,0
98.76.5..7....5.9...5.4....8.7..64..3......8..2......6..8..79.....21...........13,0,0,0,0
98.76.5..75..8..6...6......4.......3..593..8.......2....9..31....765..9..........,0,0,0,0
98.76.5..7...5..9......9..857...6.8...4...3.....2.....46...7.5.3...1...4......9..,0,0,0,0
98.7..6..7..5...8...4.8...73...9...8.4....2.......1....7..3...4..32...6......51..,0,0,0,0
........1.....2.3...3...45...4..56...7..1....8..9.......6..3.2..9.7.....1...8.5..,0,0,0,0
98.76.5..75..8.4....3..5.8.2..5......9..7.6.........1..7...8.64..9..78......4....,0,0,0,0
.....1..2....3..4...52..6....27..8...7......18....4.3...8..2....6.5..9..5.7.6....,0,0,0,0
98.7..6..5..94......7....9.4..3....5.2....8....5.6..7..5..1.3....36...1......3..2,0,0,0,0
98.7..6..5...8..7...7..48..3...4......58...4......62.3.5..21....1....4....94...6.,0,0,0,0
98.7..6..7...9.........8.9.57.4..3....8.2..51.........35..7...6.4.5....3..7..45..,0,0,0,0
98.7..6..7...5..9...4..9..78....5.3..4.37...9..3.8.2..3..5...1..6..1............2,0,0,0,0
98.7..6....7.5......4..6.7.8...9.5...7...5.4....3....21.........9..6.1....6..2..3,0,0,0,0
.......12.....34.5..6.4.7...4.1.8....89....2.6...9.8...6..7.9..7......5.9.83.....,0,0,0,0
........1....23.4...24.5......3...5..6...4..78....79....15...3..7....6..9.......8,0,0,0,0
98.76.5..7..5..6.......4...6..9..8...3..7......9..6.2.1...5...8..7..91...9.1...5.,0,0,0,0
........1.....234...3.1.25...2..5..3.3.....6.7..6..8....5..1..4.8..9..3..9.7.....,0,0,0,0
........1.....234...3.1.52...2..4..3.6..7..8.9..1.......5..1..4.7..9....8..6.....,0,0,0,0
........1.....2.3...4.5.6.....3.7..2.1.....7.7.6.8.4....95.....54...69..68..9....,0,0,0,0
98.7..6..5..........4.8..5.3...9..8..4....2.......1..6.9..3..4...3..7..1...9.2...,0,0,0,0
98.76....7....58....5....6.4...3..2...86..5..........3.1...2..4..78..9......1....,0,0,0,0
98.76.5..5..4..79......9..87...46.53...3.........7.6..4..6..3...9.....2...1..4...,0,0,0,0
98.76.5..7..4.38.........6.5.8.4..2..7.8..9....9..6...3.......1.5...4.....73..6..,0,0,0,0
98.76.5..7..4..96...6..3...8..5..4...2............9.1.5...7...9..8...7.....8...54,0,0,0,0
..1...2...3...4..55..6...7...35...8.8...4...7.6...89...8...2..93..1...6...7...5..,0,0,0,0
98.7..6..5...9..7...7..4..93.........2...95....84...9...56...8.....1...2.....316.,0,0,0,0
........1.....2.3...3.1.4....1.5...4.2...6....7.8..9....9.3..4..8....5..6..7.....,0,0,0,0
.....1..2..1....3..4..5.6.......3.67.6..8.4..2..7......8.9.....4.6...9..5...4..8.,0,0,0,0
98.76......5..497..........8....945..5....3...4......27...3...1.9...8.4.......2..,0,0,0,0
98.7..6..5...9..8...4.68...4..3......3..7.8....2..9.6..45.1..7......71.........2.,0,0,0,0
98.76.5..74.3..2....3..9.8.6......1..7.5..8......3....4..8...52.2.....78......4..,0,0,0,0
98.76.5..75...4.....35...7.8....6..9.3.9...5...9.2.4..3......8.....1.6.......9..2,0,0,0,0
98.76....7....59....4......6..5..3...2..39.1.........42...5.7...7.2....1..3..7.8.,0,0,0,0
98.76.5..7..4.........38...62..7..5...1..3..7......2..36..9...5..8...96........2.,0,0,0,0
98.7..6..75.....9...4.....88..3...2...7.5.3.......1..42...6.....7.8...5......31..,0,0,0,0
98.7..6..7...6......6....5.47...3.....8.5.3.....8.......937.5....7.8.92......2..1,0,0,0,0
98.7..6..75.....8...6......4...8.3....59...6......2..4.1..3.2....75...9......1...,0,0,0,0
........1.....234...3.1.52...2..5..3.3..6.2..7......6...5..1..4.8.7..9..9...83...,0,0,0,0
1...2.3....43....2.3...5.6..5..4.2..7..5....1..6....3.6..7..8....9..8....8..1...4,0,0,0,0
........1.....2.3...4.5.6.....1....7..8.4.5...7...3.2...69.....58...49..94..8....,0,0,0,0
9876.....65....7............4..6..3...89..5.......2..1..57..6......3...4....16.2.,0,0,0,0
98.76.5..7..4..8....3..8...6...7.....75.496....96.....5..9.74......2..1.........8,0,0,0,0
98.7..6..5...9......7..6...8..4...3..3...2..4..9.7.8....8.6.5.....5...1.........2,0,0,0,0
98.76.5..7.6..5.9..5.4...8.5.8...4..4.75...3..3........7.3..8.......2..1.......6.,0,0,0,0
987......65.9..8...........4...63.....85..6......2..1...96..5......1..2......4..3,0,0,0,0
9..8..7...8..7..6...7..5...8...4.3...3.5.......9..2..17...5..4..5.9..8.......1..2,0,0,0,0
.......12..1..3....4..5.6....78.2....6..9.7..8......3..5.9.....4.6...9..7...4...5,0,0,0,0
........1..2..3.4..1.56.7......7.8.5..3..6.9.82.........96....4.3...4...2..9...6.,0,0,0,0
98.76......5..49.........7.6...8...33..........2..15...4...2.59..9.4..12......4..,0,0,0,0
........1....12.3...45..6.....3.......3....4756....3....54..7...8..95...2....8.9.,0,0,0,0
98.7.......6.9.8.....8...5.6...4.3...4.3....2..3.....53....2.6..6..8.1....1..7..4,0,0,0,0
98.7..6..7...6......6....754..3....2..9.5.8.......1....2...6.1...7.8.5..........4,0,0,0,0
98.7..6....7.9..85.....4...7...3...2.3....1....54.....2.....81..7..2...9..96.....,0,0,0,0
98.76.5..7.4..5.6.........35.76...9.3.........9...72..4.9.7..5....9.41.....5.....,0,0,0,0
9..7..65.7.65..4.........876..3..5...9..2..7...1......3...5...4.694......4...39..,0,0,0,0
98.7..6..7...8..5...5..4...3....62....89...4.....2...3.1.........75...9......14.7,0,0,0,0
........1.....234...3.1.25....6.......5..1..4.61..4..2.72..3..55..7.....8.....9..,0,0,0,0
9876..5..4..8..6....3.2....8..7..4...7.....1.........65......4..9.4...65.....89..,0,0,0,0
98.7..6....756.........9.7.5...4..323..........8..75...1.........9..68.....2...41,0,0,0,0
98.7..6..75..9......6......8......4...9.5.7.....3....2.1...2.....7.6.8.....4...31,0,0,0,0
98.7..6..5...9..7...7..4...32.........64...5...5.3.1....85..79.....81..2.........,0,0,0,0
........1.....234...3.1.52.......6....2..5..467.8.......5..1..3.8.9.....3...7..9.,0,0,0,0
98.76.5..75..9..6...6......43......5..835..7......23....962..5....8...........1.2,0,0,0,0
98.7.....6.....5....5....7..6..4...3..98..6.......2.1..2..1......62..8.......3.24,0,0,0,0
........1....12.3...45..6......5..7...84..5...3...7..2..9..5...64.9.....8...6.9..,0,0,0,0
98.7..6..75.....9...6......4...3.5....89...7...584..6..2...1.....728..5.........2,0,0,0,0
98.7.....6...9......7..5...4..3..5....8.7..9......42...1...7..3..6.5..8....2..1.5,0,0,0,0
98.7.....6...8.7....7..5...4......3...85..6......2..1..3..5...2..69..5.......1..4,0,0,0,0
........1..2..3.4..3..5.6.....7.4..2.8..3.9..7.1........9..58...6.3.....8...9...6,0,0,0,0
........1....23.....45...6...7...1...4.6...5.5....83...76.9...2.9..8....4..7...9.,0,0,0,0
9876.....5...8.6....4..3...3.5..89...4..9..5....5...2.1..8..5......1...2.....617.,0,0,0,0
98.76.5..7..5...8...5.....64..3....2..829..5............987..6......23........1..,0,0,0,0
........1..1..2.3..4..5.6........7...7.5.4...8.6.7......73...69.6..4.8..9......2.,0,0,0,0
........1..1..2.3..4..5.2.....6...7...2..73...8.5....9..9.....3.6..4....5..8...9.,0,0,0,0
98.76.5..7...4.3....4..5.7.2.......3..65...2.....2...1.9.4....5..8.5..6......81..,0,0,0,0
........1..2..3.4.15.26........7...8..5..2.9..7.8..6....3...9...4.3...5.52...9...,0,0,0,0
98.7..6....5.98.....4....9.8....73.....6...42....3...13...7.2...57..2....1.3.....,0,0,0,0
.....1..2....3..4...52..6....7.....8.5.8..7..9.8.2.....6...4..35....2.1.8..9..5..,0,0,0,0
98.7..6....5..........94.8.3...5...2.9...71....69...7.2.......3.1...97.....6...1.,0,0,0,0
98.76.5..7......9..5.4..8..5.8..43...4..3......75......7.3..4.......2..1........6,0,0,0,0
98.7..6..5...8..7...7..6...4....3.....95...8.....2.1..1.......2..56...9.....4.3..,0,0,0,0
98.7..6..75.....8...6.....74...3...2.256...9......24...3..1...9..98...5.......1..,0,0,0,0
98.76....75....4....3..5.7.5.......2.3...8.9...9.1...43....9.5....6..1......2....,0,0,0,0
98.7..6..75..6......6......4..6...3...5.8.9.......2..1.3.8...2...9.7.8.....1...94,0,0,0,0
98.7.....7.6...5....4......5..8..9......4..3......2..1.7.9..6......3..49.....1..2,0,0,0,0
1...2.3....45....1.3...6.7..4..8.5..6..3....2..9....1.5..4..1....6..7....8..5...9,0,0,0,0
.......12..1..3..4.2..5.6.....4...7..6..8.2..7.......3.9.5.8...2.6.9....5.....9..,0,0,0,0
........1.....234..13...25.....6..7...2..5..3.8.9.......1..4..5.6.85....9...7....,0,0,0,0
98.7.....6...5.8....5..8.4.3....4.7...96..4......2...1.9...5.3...63..5......1...2,0,0,0,0
98.76....7.....9....5..9.8.85...76....4.3...........4852...68....82...61........2,0,0,0,0
98.7..6..5...6..7...7..4..93....2.....65...9.....4.1...2...6..8..54...6.....1.4..,0,0,0,0
.....1..2....3..4...56..7....6..2..1.7..4....8..5..9...5.8..6..6.7.....89.8....3.,0,0,0,0
98.7..6....5.9..7......4..93..6..9....7.5..6......2..42..13...6.1....8....6....1.,0,0,0,0
98.76.5....7....6......4..78....96..3...2.....1.5...9.2...3.....6.8...1...8..54..,0,0,0,0
98.7..6..75..4......3..9.7.5....7.9....4....6....2.1..3.....4...7...438....1....2,0,0,0,0
98.76.5..7....4.9...3......6..4...7...8..6.4.....2.1..2...4..5..3.5.......5..9..1,0,0,0,0
........1..1..2.3..4..1.5.2..2..3..6.3.7.....8...9......3..51...7..8....9..4...6.,0,0,0,0
........1.....2.3...1...452..2..3.1..6..7....8..9...4...5..4..3.9.8.....7...6....,0,0,0,0
........1.....1.2...3.4.5.........67..8.5.9..2697.......54.9....3..8....8....54..,0,0,0,0
98.7..6....5.96........4.9.8.....3...3.....72..23....64....5..1.7.6..2....8.1..6.,0,0,0,0
98.7..6..75.....9...6.......4..3......59...8......42...1......3..85...6.....129..,0,0,0,0
98.7..6..7...6..5...6..4..7.5....3....9.4...2.....9.8...24...61....16........2.3.,0,0,0,0
..............1.23..2...415.....51...6..7....8.49....7..3..45..47.6.....9...8....,0,0,0,0
........1.....234...3.1.52...1..3..2.6..7....8..9.......4..7..3.9.8...7.7...6....,0,0,0,0
98.76.5..7.64..9.......8.6.3..5..49...2.3............31...45.7...91...4.......1..,0,0,0,0
98.7..6..5...6......4..3.7.3....4.....56..9......2...1.5......2..68..4.7....1..9.,0,0,0,0
........1.....234..34...25.....6..7..5......48.79.......9.7.....1...5..26.58.....,0,0,0,0
1....2..3..2....4..5..6.1.......32..3...5...7..89.......7.4..9..6....7..9..8....1,0,0,0,0
98.76.5..7....4.6...3.....78...2...12..4...9..3...5...5...4..2...85....6.....91..,0,0,0,0
.......12.....3..4..4.2.5....2.1...5.6.3.....7..8.24....9....5..3.7..9..8....6...,0,0,0,0
.......12..1..3....4..5.6....7.8...6.8...4.9.4..5..8...7..4.9..3....6...8.42.....,0,0,0,0
1....2..3..3....4..5..6.7.......48..7...5...1..96.......1.7..3..8....6..2..9....5,0,0,0,0
98.76.5..7..4..9....4....8.6..9..3...4...........2...15.........3...76....63...59,0,0,0,0
1..2....3.4..1..5.2.6......7..4.8.1.....5.....8.7.1..4......9.6.7..4..8.3....9..7,0,0,0,0
98.7..6..76..5......4..8...8...9.3....72...1.........5.5..3.7....9..4..2...1...9.,0,0,0,0
98.76....75...49....359....6...4.7...7.....2...8.....15..4..6...2...6..3....5..1.,0,0,0,0
98.7..6....5.4.........9.8.3..4...2..7...63....1.....52....49...3.9...7.....3...1,0,0,0,0
98.7..6..75..6......6..9...4....3.8...5.8.7..........3.2...1..4..7.9.5.2...2...1.,0,0,0,0
98.76.5..7...4..9...3..9...6..4...2..9......3..5...8..2....4.7....92.1.....67....,0,0,0,0
9..8..7...8..7..6...5.....48...6.3...2.9...4...1..2...3..6...9...8..1..5....4.2..,0,0,0,0
........1.....2.....3.4.56...5.......4...7.5.6...5.84..5..3.68.3....6.7.8.69.....,0,0,0,0
9..8..7...8..6..5...4..3...8..2...9...3.5.2.......4..12...7.9...5.1.......8.....6,0,0,0,0
98.7..6..7...5..8...6......4...3......85...9......2..32....1.5..1....4....79...61,0,0,0,0
........1....23.4...56..7....72..3...5..48...18.........9..2.6..7.9....35...6.9..,0,0,0,0
98.7..6..7...5......4..8.7.8....3.4..7.2.......3.1...5.4...9.3....3..1......6...2,0,0,0,0
98.76....75...48....358....67.8..4....9....8.....4...25...7.6...9......1...4...3.,0,0,0,0
98.7.........6.7.......5.4.5....3....4.8...3...7.9.2..4...1...6.2.4..1....1..9.7.,0,0,0,0
98.7..6..5...9..7...6.....94..32..5..2...87..........21....93...9.5...1...4.1...7,0,0,0,0
.........5679.....89....7..9...3..2...85..6.......1..34...2..1...56..8.......4...,0,0,0,0
98.7..6..7......98..5......67.4...8...3.6.4.7........624.8....9.....18.........2.,0,0,0,0
98.7..6..7...54.9...5.......3...2.....94...82..75...6...89...4.....4.1.......5...,0,0,0,0
1..2......3...4.....2.5.6..4.....7....5.8...6.9...3.8...79..4.5.....7.69....6.87.,0,0,0,0
98.7..6..5...9......7..4.9..7.3..8....2....5.....2...4.1..7..3...8..31....61.....,0,0,0,0
.....1..2....3..4...56..7....61..8...1...4..37...2..1...9..7..86.....9..85.9.....,0,0,0,0
98.7..6..75.....9...6......4...3......58...6......21...2..8...4..79...8......13..,0,0,0,0
........1.....2.3...3.1.4....1.5...6.7....5..8..9.......6.3..4..9...76..2..8...5.,0,0,0,0
98.76....5..4.......6..58..6....93...9..5..2...3.....14..5....7.6...45......1...2,0,0,0,0
.8.7..6..75..6..9...69.....4.......3..5.4.96....5....4.2.....1...839.7....7.5.8..,0,0,0,0
98.76....76.5..8....5......4......3...729.6..........2.1..7...5..918.2.......2.1.,0,0,0,0
98.76.5..7...4.9....5....6.5....4.3..9..5.8....86.....27.1.......9.7.2.....4...7.,0,0,0,0
98.7..6..76..9......5......4..3...2...6.5.8.......4....1......3..7.8.59......271.,0,0,0,0
98.7..6....7.9..5....4.....7...3..8..5.6..3....2.....12..3..1...7..8..3...3..4..5,0,0,0,0
98.7..6..75.4..3....1......5...648...6..87.5....5.....3......9..7.8..53......3..2,0,0,0,0
.......9.5679......8....5....57..6..4...3...9.....2.1...85..9......1..2......4..3,0,0,0,0
98.7..6..7.6.9..5..4...8...8.9.3...5.2...79........3..6.8.7.5.....8....7.....1..6,0,0,0,0
98.7..6..75..4......3..9.7.8....7.3....2..8.....1....23...1.4...9...5.8...8.....6,0,0,0,0
98.7..6..7......5..4..3...93...2..8...4.....2.....193.2.........3..9...1..65..3..,0,0,0,0
.....1..2....3..4...56..7.......2.3..5....8..8...4...1.6..1.....97..3...5..7..9..,0,0,0,0
98.7..6..75..9......4..8...8...5.3....92...1......4..96......8..3..7.5.......1..2,0,0,0,0
98.76....75.........4..98..8....69.....3...86....2..1..4...75.....6....3....1..2.,0,0,0,0
98.7..6..75.4.......3.8..7.5...2..9....3..2.......6..13..2..1...7..3..8......4.2.,0,0,0,0
1...2...3.2.4..5....3..5.2..3..4...67..3..8....8..9....4..1.7....9....6.3..6....5,0,0,0,0
1...2.3....21....4.5...6.1..7..8.9..9..2....3..4....5.7..8..1....6..2....3..9...7,0,0,0,0
98.7..6..75..4......3..9...5....8.9..3......6..7.2.1...7...3.8....48...7...1..2..,0,0,0,0
98.7..6..75..6......6..8...4......3...7.5.9.....2....4.1.3...9...9.8.5.......1..2,0,0,0,0
98.7..6..75.4.......3.8..7.8.........3..5..8.......2.13...7..9....19...6.....47.2,0,0,0,0
........1.....2.3...4.5.6....5.....3.4.7...2.6...4.8...5..6.9..4.95.7...8.6..1...,0,0,0,0
1..2......3..4......5..64..7..8..1...9..2..8...6..5..2..87..6......3..9......2..5,0,0,0,0
........1..2..3....4.15..6...17...43.5..8..9.7..........5....8..6...8..94...9.6..,0,0,0,0
........1..2..3.4..1.45.2......6.7....8..9.3.6..7....5..9......23...49..48.9...2.,0,0,0,0
........1.....2.34..5.3.6....6.7.42...7.6.3...4...8.6...9..3...5..7..9..76..9....,0,0,0,0
98.71.5..7.3.589.......3.8.5...7.6...4.........9.....21..6....9....2..65.....71..,0,0,0,0
.....1..2....2..3...2...45...3.....4.4...678.87.9.......4.1...5.9.8.....6....7...,0,0,0,0
98.7..6..5...4......3..9.7.4.......2.6...23....28...1...93..7......5...3.....1.8.,0,0,0,0
98.7..6..7.5.9..4..4.......3..8..9...7...5.12....2....1...8...6.3...91....71...3.,0,0,0,0
98.7..6..5...9..7...7..4...32..1......64...9......3.....85...6.....825......4...1,0,0,0,0
98.7..6....5.4.........9.3.6..2....7.21.....6......28..7.8..1....9..5.......3..4.,0,0,0,0
........1.....2.3..14.3.5.....6.7.....83......73.4...5.41.7..5.7.....1..9..8..4.7,0,0,0,0
..............1.23..2.3.4.......56....63.7.5..4..6..3...7.5.3...14.7.5.28..9.....,0,0,0,0
98.7..6..75..6......6..8...4......3..9.2.4..5..5.8.9...3.8...1...9.5.8.......1..2,0,0,0,0
98.7..6..5...8......4..9.3..5........2...8.9...8.4.2.1.4..2...3..5..3.2....6..7..,0,0,0,0
98.76.5..75.4.38....2......8..1...74.1.....85......1..3....9....7.5..4......4...6,0,0,0,0
........1..1..2.3..4..5.6.....7...8..8..6.4..7....3..2.9.......4.5..69..6.8.9..5.,0,0,0,0
........1..2..3.4..4..5.6......7.1....36.....4....2.8..3...8.2.2..5..8..8.9.....7,0,0,0,0
98.7..6..5...86.....6....7.4..3....7..8..79......4..2.1...7..3...5..97.....2....1,0,0,0,0
98.7..6..5...9..7...7..4..93....21...2.........69...5...84...6.....1...4.....63..,0,0,0,0
98.7..6..5...4......3..9.2.4.......6.7...3.5...527.8...5.1...8.....8...1.....79..,0,0,0,0
98.7..6..7...9..5...5..4...3....2....2..1......94...6..9...6..1..75...4.......38.,0,0,0,0
9..8..7...8..7..6...7..5..88....4.3..3......5..92..8..2......4..9.3..1....1.6...2,0,0,0,0
98.7..6..7.6....9..54.......7..5..3...98..4.......2..1..36..8......4..6......1..2,0,0,0,0
98.7..6..5...4......48...5.8....73...3..9...6..63...2..7.9..2....8..1......27...1,0,0,0,0
.....1..2....3..4...56..7....61..8...1...4..75...2..31..9..8...65.9.....7.....9..,0,0,0,0
.....1..2....3..4...52..6....6.1.....7.8..4..8.4..2.9...7....3..5...9..46..7..8..,0,0,0,0
98.7..6..5..4...7.....3...24...9...5.1.5.........74.1.1..9...4..9....3....6..8...,0,0,0,0
98.7..6..7.....5....4.8..7.3...6...7..68.74.....2...6..5.1.......3.2..4......9..1,0,0,0,0
98.7..6..75.....9...6........96..45...78...6.....3...2..85...7.....4.5........1.6,0,0,0,0
98.7..6..5...8......7..6...4......3...8.7.5.......4..2.3.1.......5.9.8......52..1,0,0,0,0
........1.....1.2..13.4.5......6.....56..34...7.45...8.356..1...4..3..9.7.......3,0,0,0,0
..............1..2..3.4.56...7.......4.....8.6...5.47..7..3.6..3.6..5.2.5..8....9,0,0,0,0
98.7..6..75.....8...6......4...3.2...1...9.....56...7...89...5.....4.3.......1..9,0,0,0,0
98.7..6..7...9.....5.6..7..4.58......7..6..8......74...4.5..8....3..2..4........1,0,0,0,0
........1.....2..3..4.5.67.....6.8....6....17.857.9.....7..3....5..8.7..4..9...2.,0,0,0,0
98.7..6....5.6..7......4...8...7.5...3...9..2...6...1.6...4.....28.....3..18...5.,0,0,0,0
98.7..6..7..5...9...4.9...74..3......9..7.5.4..2....1.2...8...9...1...6......53..,0,0,0,0
1...2.3....23....4.5...6.7..2..8.9..4..9....3..9....1.2..5..8....6..7....4..3...7,0,0,0,0
9..8..7...8..7..6...7..5..43...4.....2...1.....92..1..1...3...6.9.7..2.......8.5.,0,0,0,0
98.76.5..5..4.......3..5.9.3....6.8..9...7..2..6.4....1...5.8.7.3...8.1.......2..,0,0,0,0
........1.....2.3...4.5.6.....7...2..48.....35...4.8....6.9..1..8..6.9..9.5..7..6,0,0,0,0
98.7..6..7..5.......4.9..7.4...7..8..9.3.......2.1.5...4..8..2....1....6.....31..,0,0,0,0
98.7..6...5..6..9...6......4..6....3..8.574.....4.2.8..1...3.4...9.7.8.....1....2,0,0,0,0
.....1..2....3..4...56..7....8.....1.5.7..6..6...4.....79....2..8...3.975..9..8..,0,0,0,0
98.7.......6.5.4.......9...7...3..6..4.2..3....3..5..2.3...6..1..7.2.6.....1...8.,0,0,0,0
...........1..2..3.4..5.16............6.7.53.5..3.6..8..79......64......1...6.74.,0,0,0,0
98.7..6....5.9..7......4...6...3.7...2...9..1...4...9.3...4.8...1...8..2..89...5.,0,0,0,0
98.76....75....8....6......5....4.3..4.2....1..9.7.....9.1...48..5.8.7.....3....2,0,0,0,0
98.7..6..75..6......6..9...4......5..7.9.3..4..8.5.9...2......1..7.9.8.....1.2.3.,0,0,0,0
98.7..6....5.6..4......5..93...7.....9.....3...7..68...2..1..7...9..75.....2....1,0,0,0,0
98.76.5..7...5..9......98..86...7.5...4...7........3.84....6.8..1.2....4....1.2..,0,0,0,0
98.76.5..75..9..6...6......4.......2..842..5..3....4....768..9.....7.1.......2..7,0,0,0,0
98.7..6..5...4......4..8.3..5...32....14...8.........6.2...1.....8.7..1....8..9..,0,0,0,0
.....1..2..2....3..4..5.6.7...8....1.5..6.7..8.4..3.....5.9.....9...6.7.4..7..9..,0,0,0,0
........1.....2.3...4.5.6.....1.......6..7.2..8..9.4...48....73.95.....66...8.5..,0,0,0,0
........1..1..2.3..4.15.6.....3....7.5..6.8..7....9.2...4...9...9...6..88.5.9....,0,0,0,0
........1..1..2.3..4..5.6.......7....8..9.5..7..3...92.6...9...4...8..6.5.8...9..,0,0,0,0
98.7..6....5.9.........4.9.8.6...3...2...3..6...6...274....1....3.8..2....8.5...1,0,0,0,0
98.7..6..7.5....9..46...7..5...3..7...86..........2..1..94..8......5...2.....1.3.,0,0,0,0
98.76.5..4....59....7....6.8..34..95...85.3.......9.4.3....84...2..........5....1,0,0,0,0
98.76....5.....87...7.....6.4.3.......8.9..6......21....5.8..9....4..3.......1..2,0,0,0,0
........1.....2.34..3...56...5..64...7..1.3..8..9.......6..4.2..1.8.....9...7....,0,0,0,0
........1.....2.34..3...25...2..46...1..5....7..8....9..4..6.9..5..1....8..7.....,0,0,0,0
........1.....2.34..5.4.67...4..73...8..1....9..6.......7..3.2..6.9.....1...8....,0,0,0,0
..............1.23..2...145..4..52...6..7....8..9.......5...3...4..6...979.8.....,0,0,0,0
........1..2..3.4..4..5.6....5.6...4..63.75...7........5..3.4...6..7.38.9..8.....,0,0,0,0
98.7..6....5.9..4......3..98.......2.7..3..5...16..4..2....1....4..8.1....83...7.,0,0,0,0
.......12.....3..4..4.2.5....1.4...6.7...8...9..3.......6....2..8.9..6..3....7..5,0,0,0,0
98.7..6....5.9..4......3..97.65.....5.8...2...2........5.8..7......4..31.....1...,0,0,0,0
98.7..6..75.4..3....2......5...648...6..87.5....5.....3......9..7.8..43......3..1,0,0,0,0
98.7..6..7......8..54.6......84..9......3...2.....5.1...76..4......2...8.....1.3.,0,0,0,0
98.7.....6...9.5....4..6.9.3...2..4..4.5....2..2..91...7.8....3....3.4.......5.1.,0,0,0,0
........1.....2.3...2.145....6..7....2..654..4..2....8.517...9..6.......2...561..,0,0,0,0
98.76....7...5.8....5....6.4......3...859.4.......2..1..792.6.....6...42.........,0,0,0,0
98.7..6..5......4...3.8..7.6...782...2...9.8....2....4.9.8..4......13........7.51,0,0,0,0
98.7..6..7......8...5.98..75...79..4.9.........43.2.6..5..84..6...2..4.........1.,0,0,0,0
98.76.5..4....8.9.........73...4...9.2...34.1...8...3.2....9.1..5.2.......6......,0,0,0,0
........1..2..3....4..5.26......1..3..7.6..2.8..9..5....6.2.7...7.8...4.9........,0,0,0,0
98.7..6..75..4..8...3..9...8...9.7.....2...5......3..16.........7..5.4.....1.7.2.,0,0,0,0
98.7..6....7.5..9......6...4....9..3.2..7.9....92...1.3.......4..51...7.....2.5..,0,0,0,0
98.7..6..75.....8...6......4...3...6..95...7......21..2.......3..79...6.....41...,0,0,0,0
98.76.5..7...4.9...5...3.7.8..6....5....8..69.....48..4...5.6...2......1..7......,0,0,0,0
98.7..6..7..95.4...35......6...7..4..29...7.....2....62..4..9.......1..........84,0,0,0,0
98.7..6..7..9..8......85.9.49.3..2...7..4..8...1.....42....3....6...73.....6...2.,0,0,0,0
..............1.23..2...415...56...7..5..43...8.9.......3..52..6..7.....9...8....,0,0,0,0
........1..2..3....4..5..26.....61.5.6.5.....7...2..68..6.8..47.7.9.....48.......,0,0,0,0
98.7..6..7.5....9.....9...847.8...6...3..78......2.4.72...3.....5...1....4.9....6,0,0,0,0
98.7..6..5...8..4...3..58..2....953..3......1....7.....9...83....21....6........4,0,0,0,0
98.7..6..75.....8...6......4.95...7..3....5....59...63..869..5.....2.........41.6,0,0,0,0
........1..2..3.4..1..567....6..4.8..4....2..5..7.......9.4...8.6.23..9.3....9...,0,0,0,0
98.76....7...5.8....5..4.7.36......2..7..5.1....32....1....94.5..9...1.7.......9.,0,0,0,0
98.76.5..5..4..3....2....6.8..5..9...1...8.5......7..83....4.95...9...73......4..,0,0,0,0
98.7..6..7..5..9....4.9..7.4...3..8...8..2.....31......4..7..9....2....6.....5..1,0,0,0,0
........1..1..2.3..4..5.6.......67...7.5.4...8.6.7...4...9......6..4.8..3......92,0,0,0,0
........1..1..2.3..4..5.6........7...7.5.6..84.8.7......4.....9.5..6.8..9..3...2.,0,0,0,0
98.7..6..7...8..5...4......6..8....3.2..6.8.......1...2...7.9...9...3..1..5....4.,0,0,0,0
........1..2..3.4..5.16..........7....4..8.9.6..57.........2..8..83....924..8..3.,0,0,0,0
98.7..6....7.6..5......9...7...4.....3.2...4...9..67..1.......2..6..85......3...1,0,0,0,0
98.76.5..7.4....6..3...4...2..8..3...49.2.........7..2.1...5..8...1...35....7.1..,0,0,0,0
.....1..2....3..4...56..7...5.7..8..6....5..38....4....76.1.....9.....2.5..9..6..,0,0,0,0
..5..9...6..8.....78..5.9..4......2...87..6......12....3.........69..7.......4.13,0,0,0,0
98.7..6..75.....9...6......4...3.2....58...7......14...3...8.....95...8.....2...1,0,0,0,0
........1.....2.3....45.6....4..3..2.31....7.8..9.......7..4.1.4...6.9..5..8.....,0,0,0,0
........1.....2..3..4.13.5....6...7...7.41..5.8....14...3.785..2..9.....8........,0,0,0,0
........1.....234...1.3.52...4..5..2.1.6.....7.....68...5..4..3.9.7.....8...9....,0,0,0,0
98.7..6..7..5...8...4.8..974...5..39..3..2.........1...4..7..18...1.........45..6,0,0,0,0
........1.....2.....3.4..52...6.......5..72...4..5..37.38...1...749.3...5...8..73,0,0,0,0
98.7..6....5.6..4......3...7.......9.3...8.....2.1..6...4...1.2...1...5.....5.4.6,0,0,0,0
........1.....2.3....45.6......4.7....1..3.8.57..9......89....2.9..6....74....9..,0,0,0,0
98.7..6..75..4..8...3..8..78....9..6.3.26..........1...9...7..5...4...6.....1.2..,0,0,0,0
........1..2..3.4..1..567.....7..8....3..9.6.8.....9.5..439.....6...2...23.....9.,0,0,0,0
.......12.....3..4..5.2.6.......4..7.5..8.9..8.6.....1.6.2...7..923.....5...6.2..,0,0,0,0
........1..1..2.3..4..5.6.........7..6..8.4..75.3....2.....49...9.5.8...4.6.9....,0,0,0,0
..5..9...6..7.....78..5.9...4...3.2...65..7.......1..3..89..5......2...4.......1.,0,0,0,0
98.7.....7...9.6....6..5...4....3.9...89..5.......4..2.1.........76..8......2..31,0,0,0,0
........1.....2.3...4.5.6.....7...2...83......5..6.8...45....1..69..4..78...9.46.,0,0,0,0
98.7..6..5.7.6..8..4.......4...5..6...53..7.......2.51..95..8......3..96.....1..2,0,0,0,0
98.7..6..75.....8...6......4.......3..59...6.....2.5...1...349...78...5......12.8,0,0,0,0
........1..2..3.4..4..5.6.....2.7.83.7..9.4..8..1.......5.7..6..6...9...4.7...9..,0,0,0,0
........1....23.4....5.46....1...5...2..7..8.4.......9..56.....2....8.7.38..4....,0,0,0,0
........1.....2.3...4.5.6.....1...67..5..3....6..8.9...49....7..86.....25...4.8..,0,0,0,0
98.76....54....3....2..5.8.4....9.2....6..9.3....1....2...7..35.5...8.9....5....1,0,0,0,0
98.7.....6...9.5....4..3...7......3..5.6..7....2.....4...58.9......4..12.....1...,0,0,0,0
98.7..6..5...6..4...6..3..86.7..28...9........1.....2...4..6.8....5..3.7....1.4..,0,0,0,0
98.7..6..5...4......3..9.2.2....7..1.5.9.........2.83..4..7..9...5..1..7...6..3..,0,0,0,0
........1.....2..3..4.5..6...73......4..67.5.6....8..2.75...1...968.....4...7..9.,0,0,0,0
98.76....75.........4..97..5....84...9.3...2.........1.7...48.....2...6.....1...3,0,0,0,0
98.7..6..75..4......3..8.7.3....5.9...52....6.....4..1.3...9.8...94....2....1....,0,0,0,0
98.76....75....9....6.......4.83..2...5...8.......1..4..75..6......4..3......2..1,0,0,0,0
98.7..6..75..6......6......5......4...8.9.7.......3..21.9.5.8...4...1.3....2....1,0,0,0,0
98.7..6..5...9..8...4.....329...78....8.2..3...586.....5.6....2.4...1.......7.3..,0,0,0,0
98.7..6..5...9..7...7..4..93.........2..8.5....84...9...56...8.....1...2.....316.,0,0,0,0
9..8..7...8..6..5...4..3...8..3...6..7..5.8....2.....46...3.1...1.7...9......1..2,0,0,0,0
9..8..7...8..9..6...5..4...7....53...2.3....9....4..1.2..4..8...3...1..2..6....5.,0,0,0,0
98.76.5..7.4.9.6.......8...4...5.7...93..7........6.2.1......56.496..1......1....,0,0,0,0
98.7..6..75.....9...6.......4..3..62..86...5.......1...3...2.....58...7.....1...4,0,0,0,0
98.7.....7.6...5....4.3....2....37.....4...8.....9...1.5...62.....1...4.....8...9,0,0,0,0
9876.....5.....8....4......6..5...7..9..4...3.....21....98...5...6.1.4.......3..2,0,0,0,0
98.7..6..75.....8...6......4...3.....2...1..4..76...9..7...21....58...7.........3,0,0,0,0
98.7..6..75..6......6......43.........8.9.54....4...83.2.....15..7.5.8.....2.17..,0,0,0,0
98.7..6..5...4......3.8..7.4....3....2.9..1....9.5.....9.....6...1.978.....8....2,0,0,0,0
98.7..6....7.6......5..9.7.5...9..4..3.6..8.......2..14...8..5...39..4.......1..2,0,0,0,0
98.7..6..5...4......7..8.3.4...5.....2.3..8.......1.6..9.28..1...1..79..........6,0,0,0,0
98.7..6....5.9..7......4..94....3..2.6....1....8.7..9.1...2...8.2.6...5...3..7...,0,0,0,0
98.7..6..5...9..7...7..4...4.58...6..3............3..52..4.6..1..89...4.....1.2..,0,0,0,0
98.7..6..5...9..4...3..8...4...2..1..6......7......3..1..9.2.....5..4.9.....8.1..,0,0,0,0
98.7..6..75..6......6..8...4....7.3..7......2..5.9.8...1...2..4..718.5.....3.....,0,0,0,0
98.7.......6.5.7.......6.9.6...4.3...2......4..85...7.1.....2....93...6......1..3,0,0,0,0
98.7..6..75..4......3..9.7.5....7.3....9..2......6.7.13..1....2.9...3.8....49....,0,0,0,0
98.7..6..75.....8...6......4...3.5....54...7.......4.2.1...43....79...5.....2...1,0,0,0,0
98.7.....7...8.6....5..4.7.5....8.4...36..9......2...1.5...6.8...98..4......1...2,0,0,0,0
98.7..6..7.5.......46.8....8....3.2...96..5......1...7..85..4......4...3.....2.1.,0,0,0,0
98.7..6..75..6..9...6......4..3...2..1...4.....5.7.8....9.5.7.....9...13...2.7...,0,0,0,0
98.76....76....9....5.......4.8...3...8.9.4.....4....2.1...2.4...7.8.5.....3....1,0,0,0,0
98.7..6..75..6......6..9...5....4.3..4.2....7..8.7.4...1......4..5.8.9.....3.1.2.,0,0,0,0
98.7..6..75..6..8...6......4..3....6..7.8.9.4.....4.7.2..1....3.1...2.....9.5.2..,0,0,0,0
98.76.5..74...3.....2.9..7.2...7.89..9.4.......8.....6.2..4..8....6....1.....53..,0,0,0,0
98.7.....6...8.7....7..5....7..4..3..4...2..1..65..4....86..9......1..4......3..2,0,0,0,0
1...2.3....41....5.3...6.1..5..7.2..7..8....3..8....9.9..2..8....6..4....2..5...9,0,0,0,0
98.7..6..5...9..7...7..4...8.59...6..3..8.9.......2..3.5..1.2....84...5.........1,0,0,0,0
98.7..6..7.5.4..8...4..8..78....3.....64...9.....2.1..6....4..9..95...3.....1.2..,0,0,0,0
98.7..6..7......8...6.5....4..........89...5.....843...2....1.3..93...7...7.1...2,0,0,0,0
98.7..6..7......5...4.8...94...9...7.9....3....21.6.9.1..3..5...4..2...1.........,0,0,0,0
98.7..6..5...4......4..3...2...1..6..1.4....9..5...18..7.9...1...2...9.6....3...7,0,0,0,0
98.7..6..7...5..9...46.9...8.7.3.2...2.....36...2.....5....1....7.8..3.........41,0,0,0,0
98.7..6..5...8..43..2..59..2....85...9.........14....6.2...18......3...7.......6.,0,0,0,0
98.7.....7...6.8....6..5...4......3...89..7......2...4.1.....2...95..6.......3..1,0,0,0,0
98.7..6....5.96.......4..9.6...3.8...2...5..1..74.....5....43...1......2..83...7.,0,0,0,0
98.7..6..5...6......6..8.4.4......53.2...1.....9.4.8..1..2.......7.8.5.......3..9,0,0,0,0
9..8..7...8..6..5...4..3...8..6...9...3...2......1...47....56...2.9...8.....2...1,0,0,0,0
98.7..6..7...9..5...5..4...8....3..2.3.........78...6.1...2...6..94...8......61..,0,0,0,0
98.7..6..75..6......6..8...4..3.......5.8.9.........42.1.8...3...915.7.......2..1,0,0,0,0
98.7..6..5...4......3..8.2.4.......2.7...9.....91...8..9...3.7...68....1....5.2..,0,0,0,0
98.7..6..5..8..4....6.5..8.3...9..2..6....1...2...7....9.23..6...3...2.1.....4..8,0,0,0,0
98.7..6..7...9......5..6...4..3...2..7...1..4..8...5....7.5.9.....2....1.....4.3.,0,0,0,0
98.7..6..5...94.....3......2...8..9..9...78.....9...36.1..7.4....51..........6..2,0,0,0,0
98.7..6..5..........4.8..5..7..9..3...53..8.......2..1.4..3..6...96..7.......1..2,0,0,0,0
98.7..6..5..9..7......4..5.7..3..2...51...........8...6...3...2...2...67.....93..,0,0,0,0
98.76.5....7..59....6....7.4....32...3.2.........8..532......49.1...9.25......1..,0,0,0,0
98.76.5....5...........4.9.3.7.....2.1.6.......8.9.1...2..7...3..68..7......1..4.,0,0,0,0
98.76.5..5....8.....7.5....4...3..2...8..97..........3.1......4..5..68.....2...15,0,0,0,0
98.7..6....56...4.....5...93..2......7..6..3...6.4.9...1.4....2..8.7.4.......1.7.,0,0,0,0
98.7..6....5.9..8....4.....5...3..9..9...47....8.7...23....2....5..1..3...1.....6,0,0,0,0
5.6.2.7...1.3.....7...5.8.....1...2.....7.6.8.....2.4.8...9...6.3...42....5......,0,0,0,0
1.......2..34...5..6....7......3..4....8.6.....954.....2....1..7.......6..5.9..8.,0,0,0,0
